AcresBurned,Counties,Started,Started_Date,Started_Hour
257314.0,"Tuolumne, CA",2013-08-17T15:25:00Z,2013-08-17,15
30274.0,"Los Angeles, CA",2013-05-30T15:28:00Z,2013-05-30,15
27531.0,"Riverside, CA",2013-07-15T13:43:00Z,2013-07-15,13
27440.0,"Placer, CA",2013-08-10T16:30:00Z,2013-08-10,16
24251.0,"Ventura, CA",2013-05-02T07:01:00Z,2013-05-02,07
22992.0,"Fresno, CA",2013-07-22T22:15:00Z,2013-07-22,22
20292.0,"Riverside, CA",2013-08-07T14:05:00Z,2013-08-07,14
14754.0,"Siskiyou, CA",2013-07-31T22:00:00Z,2013-07-31,22
12503.0,"Humboldt, CA",2013-08-10T11:40:00Z,2013-08-10,11
11429.0,"Tehama, CA",2013-08-23T14:15:00Z,2013-08-23,14
8073.0,"Shasta, CA",2013-09-09T12:32:00Z,2013-09-09,12
7055.0,"San Diego, CA",2013-07-06T12:55:00Z,2013-07-06,12
6965.0,"Tehama, CA",2013-05-01T09:12:00Z,2013-05-01,09
4346.0,"Kern, CA",2013-05-15T12:50:00Z,2013-05-15,12
4346.0,"Ventura, CA",2013-05-15T12:50:00Z,2013-05-15,12
3505.0,"Sonoma, CA",2013-11-22T02:04:00Z,2013-11-22,02
3166.0,"Riverside, CA",2013-05-01T12:38:00Z,2013-05-01,12
3111.0,"Contra Costa, CA",2013-09-08T13:08:00Z,2013-09-08,13
2781.0,"San Diego, CA",2013-05-23T12:20:00Z,2013-05-23,12
2462.0,"Butte, CA",2013-08-16T16:37:00Z,2013-08-16,16
2236.0,"San Diego, CA",2013-10-05T12:45:00Z,2013-10-05,12
2060.0,"Tulare, CA",2013-08-24T14:31:00Z,2013-08-24,14
1984.0,"Santa Barbara, CA",2013-05-27T14:45:00Z,2013-05-27,14
1708.0,"Mariposa, CA",2013-06-16T14:12:00Z,2013-06-16,14
1383.0,"Riverside, CA",2013-08-05T10:10:00Z,2013-08-05,10
1271.0,"San Diego, CA",2013-05-26T12:04:00Z,2013-05-26,12
1070.0,"Tuolumne, CA",2013-08-05T06:00:00Z,2013-08-05,06
917.0,"Monterey, CA",2013-12-16T00:20:00Z,2013-12-16,00
794.0,"Kern, CA",2013-08-18T23:12:00Z,2013-08-18,23
712.0,"Kern, CA",2013-07-19T12:00:00Z,2013-07-19,12
712.0,"Los Angeles, CA",2013-05-17T13:23:00Z,2013-05-17,13
612.0,"Kern, CA",2013-07-23T09:15:00Z,2013-07-23,09
572.0,"El Dorado, CA",2013-07-08T12:45:00Z,2013-07-08,12
534.0,"San Bernardino, CA",2013-06-28T14:30:00Z,2013-06-28,14
513.0,"Plumas, CA",2013-08-18T18:30:00Z,2013-08-18,18
510.0,"Riverside, CA",2013-05-04T11:43:00Z,2013-05-04,11
502.0,"Modoc, CA",2013-07-03T22:56:00Z,2013-07-03,22
500.0,"San Luis Obispo, CA",2013-06-01T17:27:00Z,2013-06-01,17
492.0,"Contra Costa, CA",2013-07-01T13:19:00Z,2013-07-01,13
482.0,"Madera, CA",2013-06-16T18:17:00Z,2013-06-16,18
413.0,"San Bernardino, CA",2013-08-20T13:32:00Z,2013-08-20,13
406.0,"Inyo, CA",2013-02-24T08:16:00Z,2013-02-24,08
376.0,"Napa, CA",2013-10-03T20:33:00Z,2013-10-03,20
354.0,"San Benito, CA",2013-05-03T11:42:00Z,2013-05-03,11
311.0,"Riverside, CA",2013-02-28T16:43:00Z,2013-02-28,16
305.0,"Butte, CA",2013-10-04T17:37:00Z,2013-10-04,17
303.0,"San Joaquin, CA",2013-05-30T11:20:00Z,2013-05-30,11
298.0,"Butte, CA",2013-06-03T13:49:00Z,2013-06-03,13
296.0,"Lake, CA",2013-01-22T11:08:00Z,2013-01-22,11
274.0,"Contra Costa, CA",2013-07-01T15:41:00Z,2013-07-01,15
274.0,"Madera, CA",2013-04-30T12:59:00Z,2013-04-30,12
268.0,"Los Angeles, CA",2013-09-23T18:00:00Z,2013-09-23,18
263.0,"San Diego, CA",2013-09-09T13:09:00Z,2013-09-09,13
243.0,"San Bernardino, CA",2013-08-08T12:15:00Z,2013-08-08,12
240.0,"Alameda, CA",2013-06-08T10:16:00Z,2013-06-08,10
237.0,"Placer, CA",2013-06-13T11:28:00Z,2013-06-13,11
226.0,"Glenn, CA",2013-06-12T15:17:00Z,2013-06-12,15
217.0,"Glenn, CA",2013-05-01T19:00:00Z,2013-05-01,19
213.0,"Monterey, CA",2013-07-17T13:23:00Z,2013-07-17,13
200.0,"San Bernardino, CA",2013-09-24T15:51:00Z,2013-09-24,15
200.0,"Tehama, CA",2013-07-04T07:30:00Z,2013-07-04,07
196.0,"Shasta, CA",2013-08-19T17:48:00Z,2013-08-19,17
195.0,"Tehama, CA",2013-07-19T13:32:00Z,2013-07-19,13
190.0,"Napa, CA",2013-11-21T21:39:00Z,2013-11-21,21
170.0,"Santa Barbara, CA",2013-05-28T15:24:00Z,2013-05-28,15
163.0,"Yolo, CA",2013-11-04T11:41:00Z,2013-11-04,11
163.0,"El Dorado, CA",2013-07-19T14:12:00Z,2013-07-19,14
163.0,"Sacramento, CA",2013-07-19T14:12:00Z,2013-07-19,14
159.0,"Sonoma, CA",2013-10-04T12:25:00Z,2013-10-04,12
158.0,"Sonoma, CA",2013-07-26T13:45:00Z,2013-07-26,13
150.0,"Alameda, CA",2013-10-04T07:35:00Z,2013-10-04,07
150.0,"Riverside, CA",2013-07-16T17:48:00Z,2013-07-16,17
150.0,"Stanislaus, CA",2013-07-12T15:35:00Z,2013-07-12,15
150.0,"Fresno, CA",2013-06-25T13:36:00Z,2013-06-25,13
150.0,"Butte, CA",2013-05-22T00:56:00Z,2013-05-22,00
149.0,"Los Angeles, CA",2013-05-28T11:30:00Z,2013-05-28,11
134.0,"Tulare, CA",2013-09-08T11:53:00Z,2013-09-08,11
125.0,"Sonoma, CA",2013-05-01T02:01:00Z,2013-05-01,02
124.0,"Solano, CA",2013-06-18T15:18:00Z,2013-06-18,15
124.0,"Merced, CA",2013-06-04T15:42:00Z,2013-06-04,15
124.0,"Riverside, CA",2013-05-25T14:59:00Z,2013-05-25,14
120.0,"Lake, CA",2013-11-08T13:42:00Z,2013-11-08,13
116.0,"El Dorado, CA",2013-08-16T13:55:00Z,2013-08-16,13
110.0,"San Bernardino, CA",2013-08-17T17:25:00Z,2013-08-17,17
108.0,"Fresno, CA",2013-06-13T11:54:00Z,2013-06-13,11
105.0,"Monterey, CA",2013-06-29T14:09:00Z,2013-06-29,14
100.0,"Los Angeles, CA",2013-08-09T17:15:00Z,2013-08-09,17
100.0,"Tuolumne, CA",2013-06-02T13:30:00Z,2013-06-02,13
100.0,"San Diego, CA",2013-05-22T16:14:00Z,2013-05-22,16
98.0,"Mendocino, CA",2013-09-28T13:57:00Z,2013-09-28,13
97.0,"Modoc, CA",2013-09-05T15:57:00Z,2013-09-05,15
97.0,"San Bernardino, CA",2013-08-24T15:09:00Z,2013-08-24,15
97.0,"Lassen, CA",2013-08-09T15:51:00Z,2013-08-09,15
96.0,"Amador, CA",2013-06-12T16:43:00Z,2013-06-12,16
94.0,"San Luis Obispo, CA",2013-09-24T03:20:00Z,2013-09-24,03
92.0,"Butte, CA",2013-08-01T16:01:00Z,2013-08-01,16
91.0,"Madera, CA",2013-05-19T15:07:00Z,2013-05-19,15
90.0,"Riverside, CA",2013-05-21T14:16:00Z,2013-05-21,14
85.0,"San Luis Obispo, CA",2013-07-07T13:16:00Z,2013-07-07,13
82.0,"Mendocino, CA",2013-11-22T10:06:00Z,2013-11-22,10
80.0,"Butte, CA",2013-08-31T17:23:00Z,2013-08-31,17
80.0,"Fresno, CA",2013-04-09T12:35:00Z,2013-04-09,12
75.0,"Tehama, CA",2013-09-15T17:39:00Z,2013-09-15,17
75.0,"San Bernardino, CA",2013-07-25T15:09:00Z,2013-07-25,15
75.0,"Madera, CA",2013-06-12T16:40:00Z,2013-06-12,16
75.0,"San Bernardino, CA",2013-05-13T13:30:00Z,2013-05-13,13
75.0,"Napa, CA",2013-04-30T23:44:00Z,2013-04-30,23
73.0,"San Bernardino, CA",2013-09-11T16:57:00Z,2013-09-11,16
73.0,"Yuba, CA",2013-07-08T09:59:00Z,2013-07-08,09
72.0,"Butte, CA",2013-05-01T04:16:00Z,2013-05-01,04
70.0,"Lake, CA",2013-08-16T17:57:00Z,2013-08-16,17
68.0,"Modoc, CA",2013-09-07T17:30:00Z,2013-09-07,17
64.0,"Ventura, CA",2013-11-14T11:05:00Z,2013-11-14,11
60.0,"Riverside, CA",2013-08-06T13:39:00Z,2013-08-06,13
60.0,"Riverside, CA",2013-08-04T16:29:00Z,2013-08-04,16
51.0,"San Luis Obispo, CA",2013-11-08T10:30:00Z,2013-11-08,10
50.0,"Lake, CA",2013-11-23T12:04:00Z,2013-11-23,12
50.0,"Siskiyou, CA",2013-08-15T14:40:00Z,2013-08-15,14
50.0,"Santa Clara, CA",2013-07-12T13:09:00Z,2013-07-12,13
50.0,"Alameda, CA",2013-07-04T10:00:00Z,2013-07-04,10
50.0,"San Luis Obispo, CA",2013-05-25T17:35:00Z,2013-05-25,17
46.0,"Calaveras, CA",2013-08-17T10:11:00Z,2013-08-17,10
46.0,"Fresno, CA",2013-06-17T14:41:00Z,2013-06-17,14
45.0,"Mendocino, CA",2013-07-23T13:29:00Z,2013-07-23,13
44.0,"Ventura, CA",2013-12-10T02:26:00Z,2013-12-10,02
43.0,"Shasta, CA",2013-07-09T11:59:00Z,2013-07-09,11
42.0,"Riverside, CA",2013-06-08T15:37:00Z,2013-06-08,15
40.0,"Santa Clara, CA",2013-12-31T05:30:00Z,2013-12-31,05
40.0,"Orange, CA",2013-10-06T10:52:00Z,2013-10-06,10
40.0,"San Diego, CA",2013-09-26T17:29:00Z,2013-09-26,17
40.0,"Riverside, CA",2013-08-16T13:31:00Z,2013-08-16,13
40.0,"Siskiyou, CA",2013-07-31T15:25:00Z,2013-07-31,15
40.0,"Riverside, CA",2013-07-19T16:21:00Z,2013-07-19,16
40.0,"Riverside, CA",2013-06-14T13:47:00Z,2013-06-14,13
40.0,"Riverside, CA",2013-05-16T13:48:00Z,2013-05-16,13
38.0,"El Dorado, CA",2013-08-24T14:54:00Z,2013-08-24,14
38.0,"Lake, CA",2013-08-07T12:35:00Z,2013-08-07,12
38.0,"Alameda, CA",2013-07-06T13:09:00Z,2013-07-06,13
35.0,"Fresno, CA",2013-06-13T15:54:00Z,2013-06-13,15
35.0,"San Luis Obispo, CA",2013-05-20T15:45:00Z,2013-05-20,15
34.0,"Shasta, CA",2013-08-04T18:00:00Z,2013-08-04,18
33.0,"Shasta, CA",2013-11-07T16:10:00Z,2013-11-07,16
31.0,"Calaveras, CA",2013-07-22T12:34:00Z,2013-07-22,12
30.0,"Lake, CA",2013-09-15T19:45:00Z,2013-09-15,19
30.0,"Lake, CA",2013-06-05T16:05:00Z,2013-06-05,16
30.0,"San Bernardino, CA",2013-04-20T17:30:00Z,2013-04-20,17
28.0,"Sonoma, CA",2013-06-10T00:46:00Z,2013-06-10,00
28.0,"Solano, CA",2013-06-10T00:46:00Z,2013-06-10,00
28.0,"Lake, CA",2013-06-10T00:46:00Z,2013-06-10,00
28.0,"Colusa, CA",2013-06-10T00:46:00Z,2013-06-10,00
27.0,"Shasta, CA",2013-08-14T15:37:00Z,2013-08-14,15
25.0,"San Diego, CA",2013-07-28T09:43:00Z,2013-07-28,09
25.0,"Lake, CA",2013-06-20T14:29:00Z,2013-06-20,14
25.0,"Riverside, CA",2013-05-20T13:47:00Z,2013-05-20,13
23.0,"Lake, CA",2013-11-23T14:17:00Z,2013-11-23,14
15.0,"Mendocino, CA",2013-12-30T11:00:00Z,2013-12-30,11
15.0,"Riverside, CA",2013-07-19T17:31:00Z,2013-07-19,17
15.0,"Madera, CA",2013-05-12T13:02:00Z,2013-05-12,13
0.0,"Humboldt, CA",2013-08-03T08:00:00Z,2013-08-03,08
0.0,"Riverside, CA",2013-06-09T12:30:00Z,2013-06-09,12
97717.0,"El Dorado, CA",2014-09-13T16:32:00Z,2014-09-13,16
50042.0,"Siskiyou, CA",2014-08-02T09:00:00Z,2014-08-02,09
39736.0,"Shasta, CA",2014-07-30T20:15:00Z,2014-07-30,20
35302.0,"Siskiyou, CA",2014-07-30T23:00:00Z,2014-07-30,23
32496.0,"Siskiyou, CA",2014-07-30T00:00:00Z,2014-07-30,00
32416.0,"Shasta, CA",2014-07-31T18:04:00Z,2014-07-31,18
14416.0,"San Diego, CA",2014-05-15T14:45:00Z,2014-05-15,14
13838.0,"Madera, CA",2014-07-28T05:45:00Z,2014-07-28,05
13153.0,"Modoc, CA",2014-07-30T19:01:00Z,2014-07-30,19
12661.0,"Shasta, CA",2014-07-11T15:37:00Z,2014-07-11,15
12536.0,"Mendocino, CA",2014-07-30T06:27:00Z,2014-07-30,06
6488.0,"Yolo, CA",2014-07-04T21:32:00Z,2014-07-04,21
6258.0,"Shasta, CA",2014-07-30T20:30:00Z,2014-07-30,20
5503.0,"Siskiyou, CA",2014-07-31T17:45:00Z,2014-07-31,17
5367.0,"San Diego, CA",2014-05-14T09:45:00Z,2014-05-14,09
4840.0,"Monterey, CA",2014-06-19T15:14:00Z,2014-06-19,15
4772.0,"Mariposa, CA",2014-08-16T00:00:00Z,2014-08-16,00
4689.0,"Mariposa, CA",2014-07-26T17:00:00Z,2014-07-26,17
4300.0,"Napa, CA",2014-07-01T12:08:00Z,2014-07-01,12
4300.0,"Lake, CA",2014-07-01T12:08:00Z,2014-07-01,12
4240.0,"Amador, CA",2014-07-25T16:34:00Z,2014-07-25,16
4240.0,"El Dorado, CA",2014-07-25T16:34:00Z,2014-07-25,16
4045.0,"Kern, CA",2014-08-18T14:30:00Z,2014-08-18,14
3895.0,"Kern, CA",2014-06-13T17:00:00Z,2014-06-13,17
2143.0,"San Bernardino, CA",2014-04-30T08:00:00Z,2014-04-30,08
1995.0,"San Diego, CA",2014-05-14T16:00:00Z,2014-05-14,16
1952.0,"Los Angeles, CA",2014-01-16T05:50:00Z,2014-01-16,05
1680.0,"Kern, CA",2014-07-11T13:46:00Z,2014-07-11,13
1651.0,"Modoc, CA",2014-07-01T19:00:00Z,2014-07-01,19
1548.0,"San Diego, CA",2014-05-13T11:00:00Z,2014-05-13,11
1469.0,"Modoc, CA",2014-07-03T15:46:00Z,2014-07-03,15
1457.0,"San Diego, CA",2014-05-16T11:24:00Z,2014-05-16,11
1375.0,"Shasta, CA",2014-09-10T00:30:00Z,2014-09-10,00
1080.0,"Mariposa, CA",2014-07-17T01:00:00Z,2014-07-17,01
968.0,"Orange, CA",2014-09-12T10:30:00Z,2014-09-12,10
865.0,"Tehama, CA",2014-01-02T20:00:00Z,2014-01-02,20
677.0,"Mariposa, CA",2014-05-26T15:33:00Z,2014-05-26,15
632.0,"Santa Barbara, CA",2014-05-13T14:00:00Z,2014-05-13,14
612.0,"Madera, CA",2014-08-18T13:50:00Z,2014-08-18,13
600.0,"San Diego, CA",2014-05-14T10:30:00Z,2014-05-14,10
580.0,"Trinity, CA",2014-08-24T16:36:00Z,2014-08-24,16
516.0,"Siskiyou, CA",2014-09-15T13:38:00Z,2014-09-15,13
487.0,"Tuolumne, CA",2014-06-04T11:45:00Z,2014-06-04,11
459.0,"Placer, CA",2014-10-08T13:33:00Z,2014-10-08,13
403.0,"Mendocino, CA",2014-09-13T15:48:00Z,2014-09-13,15
400.0,"Monterey, CA",2014-03-19T16:45:00Z,2014-03-19,16
389.0,"Butte, CA",2014-07-28T13:11:00Z,2014-07-28,13
380.0,"San Diego, CA",2014-05-14T13:00:00Z,2014-05-14,13
350.0,"Riverside, CA",2014-03-15T16:37:00Z,2014-03-15,16
333.0,"Humboldt, CA",2014-01-04T12:00:00Z,2014-01-04,12
320.0,"Madera, CA",2014-09-14T13:36:00Z,2014-09-14,13
311.0,"Mariposa, CA",2014-10-07T15:05:00Z,2014-10-07,15
300.0,"Mariposa, CA",2014-09-05T12:39:00Z,2014-09-05,12
300.0,"Merced, CA",2014-07-24T12:06:00Z,2014-07-24,12
274.0,"Los Angeles, CA",2014-08-17T14:30:00Z,2014-08-17,14
269.0,"Tuolumne, CA",2014-06-05T13:04:00Z,2014-06-05,13
225.0,"Tehama, CA",2014-06-13T12:23:00Z,2014-06-13,12
217.0,"San Diego, CA",2014-07-03T10:43:00Z,2014-07-03,10
210.0,"Humboldt, CA",2014-09-12T15:00:00Z,2014-09-12,15
190.0,"Los Angeles, CA",2014-08-14T12:48:00Z,2014-08-14,12
175.0,"Lake, CA",2014-05-25T12:20:00Z,2014-05-25,12
143.0,"Shasta, CA",2014-07-09T13:45:00Z,2014-07-09,13
130.0,"Mariposa, CA",2014-06-10T15:11:00Z,2014-06-10,15
125.0,"Santa Clara, CA",2014-06-30T14:10:00Z,2014-06-30,14
125.0,"San Diego, CA",2014-03-08T12:30:00Z,2014-03-08,12
120.0,"Calaveras, CA",2014-06-20T15:27:00Z,2014-06-20,15
120.0,"Placer, CA",2014-01-22T13:10:00Z,2014-01-22,13
113.0,"Inyo, CA",2014-04-19T15:54:00Z,2014-04-19,15
106.0,"Fresno, CA",2014-01-25T06:37:00Z,2014-01-25,06
105.0,"San Diego, CA",2014-05-14T12:12:00Z,2014-05-14,12
101.0,"Modoc, CA",2014-08-12T15:00:00Z,2014-08-12,15
100.0,"Lake, CA",2014-09-03T16:03:00Z,2014-09-03,16
100.0,"Riverside, CA",2014-09-01T14:03:00Z,2014-09-01,14
94.0,"El Dorado, CA",2014-09-14T09:15:00Z,2014-09-14,09
90.0,"Mariposa, CA",2014-06-06T17:29:00Z,2014-06-06,17
85.0,"Calaveras, CA",2014-06-22T12:37:00Z,2014-06-22,12
80.0,"Santa Clara, CA",2014-08-28T15:10:00Z,2014-08-28,15
80.0,"Contra Costa, CA",2014-07-11T21:57:00Z,2014-07-11,21
79.0,"Mariposa, CA",2014-09-07T16:46:00Z,2014-09-07,16
78.0,"Riverside, CA",2014-07-23T10:47:00Z,2014-07-23,10
75.0,"Shasta, CA",2014-07-05T18:44:00Z,2014-07-05,18
75.0,"Monterey, CA",2014-04-30T14:25:00Z,2014-04-30,14
72.0,"Butte, CA",2014-07-14T18:00:00Z,2014-07-14,18
70.0,"Tuolumne, CA",2014-09-04T11:51:00Z,2014-09-04,11
70.0,"Kern, CA",2014-07-01T18:15:00Z,2014-07-01,18
70.0,"Solano, CA",2014-06-12T14:29:00Z,2014-06-12,14
65.0,"Inyo, CA",2014-09-16T19:07:00Z,2014-09-16,19
62.0,"Mendocino, CA",2014-09-21T16:13:00Z,2014-09-21,16
60.0,"Butte, CA",2014-01-01T10:46:00Z,2014-01-01,10
57.0,"Riverside, CA",2014-03-28T14:31:00Z,2014-03-28,14
56.0,"San Diego, CA",2014-05-14T17:43:00Z,2014-05-14,17
50.0,"Shasta, CA",2014-05-14T14:00:00Z,2014-05-14,14
48.0,"San Bernardino, CA",2014-10-16T14:34:00Z,2014-10-16,14
47.0,"San Luis Obispo, CA",2014-07-07T16:12:00Z,2014-07-07,16
40.0,"Fresno, CA",2014-06-09T15:15:00Z,2014-06-09,15
37.0,"Humboldt, CA",2014-08-01T15:47:00Z,2014-08-01,15
37.0,"Stanislaus, CA",2014-05-27T11:23:00Z,2014-05-27,11
31.0,"Riverside, CA",2014-06-06T17:32:00Z,2014-06-06,17
30.0,"Siskiyou, CA",2014-07-29T13:00:00Z,2014-07-29,13
30.0,"El Dorado, CA",2014-07-09T14:34:00Z,2014-07-09,14
29.0,"San Diego, CA",2014-05-05T16:36:00Z,2014-05-05,16
27.0,"Napa, CA",2014-09-11T15:14:00Z,2014-09-11,15
25.0,"Ventura, CA",2014-09-29T19:35:00Z,2014-09-29,19
25.0,"Shasta, CA",2014-08-29T12:21:00Z,2014-08-29,12
25.0,"Fresno, CA",2014-06-11T07:30:00Z,2014-06-11,07
20.0,"El Dorado, CA",2014-09-25T18:00:00Z,2014-09-25,18
20.0,"San Diego, CA",2014-08-16T16:22:00Z,2014-08-16,16
18.0,"Humboldt, CA",2014-01-03T10:30:00Z,2014-01-03,10
15.0,"Trinity, CA",2014-07-01T03:45:00Z,2014-07-01,03
14.0,"Placer, CA",2014-07-21T14:49:00Z,2014-07-21,14
14.0,"Riverside, CA",2014-06-04T15:18:00Z,2014-06-04,15
10.0,"Madera, CA",2014-08-26T16:23:00Z,2014-08-26,16
6.0,"Napa, CA",2014-08-24T03:20:00Z,2014-08-24,03
0.0,"Siskiyou, CA",2014-08-11T22:00:00Z,2014-08-11,22
151623.0,"Fresno, CA",2015-07-31T19:00:00Z,2015-07-31,19
77081.0,"Trinity, CA",2015-07-30T22:30:00Z,2015-07-30,22
69438.0,"Lake, CA",2015-07-29T15:29:00Z,2015-07-29,15
36503.0,"Trinity, CA",2015-07-30T21:30:00Z,2015-07-30,21
31359.0,"San Bernardino, CA",2015-06-17T15:52:00Z,2015-06-17,15
30361.0,"Del Norte, CA",2015-07-31T21:00:00Z,2015-07-31,21
29416.0,"Trinity, CA",2015-07-30T16:00:00Z,2015-07-30,16
25118.0,"Lake, CA",2015-08-09T15:34:00Z,2015-08-09,15
25118.0,"Napa, CA",2015-08-09T15:34:00Z,2015-08-09,15
10570.0,"Lassen, CA",2015-08-03T14:15:00Z,2015-08-03,14
7509.0,"Del Norte, CA",2015-08-01T23:23:00Z,2015-08-01,23
7000.0,"Inyo, CA",2015-02-06T14:07:00Z,2015-02-06,14
7000.0,"Mono, CA",2015-02-06T14:07:00Z,2015-02-06,14
6980.0,"Tulare, CA",2015-07-19T08:00:00Z,2015-07-19,08
5702.0,"Madera, CA",2015-07-25T14:30:00Z,2015-07-25,14
4883.0,"Humboldt, CA",2015-07-30T16:02:00Z,2015-07-30,16
4863.0,"Modoc, CA",2015-07-30T17:45:00Z,2015-07-30,17
4250.0,"San Bernardino, CA",2015-07-17T14:33:00Z,2015-07-17,14
3676.0,"Mono, CA",2015-08-14T21:31:00Z,2015-08-14,21
2700.0,"Alameda, CA",2015-08-19T14:45:00Z,2015-08-19,14
2446.0,"San Luis Obispo, CA",2015-08-16T18:13:00Z,2015-08-16,18
1850.0,"San Diego, CA",2015-08-13T13:03:00Z,2015-08-13,13
1791.0,"San Luis Obispo, CA",2015-06-20T14:41:00Z,2015-06-20,14
1542.0,"Trinity, CA",2015-06-10T15:00:00Z,2015-06-10,15
1450.0,"Merced, CA",2015-07-31T21:37:00Z,2015-07-31,21
1333.0,"Merced, CA",2015-07-18T22:27:00Z,2015-07-18,22
1086.0,"Monterey, CA",2015-09-19T15:00:00Z,2015-09-19,15
1049.0,"Riverside, CA",2015-04-18T18:12:00Z,2015-04-18,18
1042.0,"Butte, CA",2015-09-11T14:15:00Z,2015-09-11,14
920.0,"Madera, CA",2015-06-18T21:00:00Z,2015-06-18,21
860.0,"Butte, CA",2015-10-03T21:15:00Z,2015-10-03,21
673.0,"Lake, CA",2015-09-02T14:57:00Z,2015-09-02,14
670.0,"San Benito, CA",2015-10-12T16:00:00Z,2015-10-12,16
543.0,"Riverside, CA",2015-08-10T11:44:00Z,2015-08-10,11
509.0,"Mono, CA",2015-02-06T16:52:00Z,2015-02-06,16
500.0,"Madera, CA",2015-06-18T14:31:00Z,2015-06-18,14
430.0,"Tulare, CA",2015-07-21T12:35:00Z,2015-07-21,12
415.0,"Mariposa, CA",2015-09-07T21:23:00Z,2015-09-07,21
415.0,"Los Angeles, CA",2015-06-24T13:22:00Z,2015-06-24,13
400.0,"Butte, CA",2015-07-29T11:25:00Z,2015-07-29,11
374.0,"Los Angeles, CA",2015-08-16T13:30:00Z,2015-08-16,13
355.0,"Amador, CA",2015-07-02T01:58:00Z,2015-07-02,01
300.0,"Los Angeles, CA",2015-08-16T15:30:00Z,2015-08-16,15
300.0,"Alameda, CA",2015-06-05T20:22:00Z,2015-06-05,20
282.0,"Ventura, CA",2015-08-02T13:15:00Z,2015-08-02,13
275.0,"Merced, CA",2015-05-11T10:26:00Z,2015-05-11,10
242.0,"Alameda, CA",2015-05-28T17:00:00Z,2015-05-28,17
227.0,"Mendocino, CA",2015-07-30T14:00:00Z,2015-07-30,14
215.0,"Santa Clara, CA",2015-09-09T15:58:00Z,2015-09-09,15
215.0,"Lake, CA",2015-08-22T17:30:00Z,2015-08-22,17
214.0,"Orange, CA",2015-07-13T10:47:00Z,2015-07-13,10
212.0,"Shasta, CA",2015-07-29T17:55:00Z,2015-07-29,17
211.0,"Santa Barbara, CA",2015-06-29T13:11:00Z,2015-06-29,13
204.0,"Tuolumne, CA",2015-07-29T16:30:00Z,2015-07-29,16
200.0,"Los Angeles, CA",2015-07-17T21:30:00Z,2015-07-17,21
200.0,"Siskiyou, CA",2015-02-24T12:15:00Z,2015-02-24,12
195.0,"Contra Costa, CA",2015-07-30T11:18:00Z,2015-07-30,11
186.0,"Ventura, CA",2015-08-14T15:22:00Z,2015-08-14,15
181.0,"Siskiyou, CA",2015-07-13T17:56:00Z,2015-07-13,17
171.0,"San Diego, CA",2015-06-17T17:03:00Z,2015-06-17,17
170.0,"Fresno, CA",2015-09-09T14:30:00Z,2015-09-09,14
170.0,"Tehama, CA",2015-07-04T16:33:00Z,2015-07-04,16
167.0,"Kern, CA",2015-08-20T15:57:00Z,2015-08-20,15
167.0,"San Diego, CA",2015-07-24T16:18:00Z,2015-07-24,16
164.0,"Ventura, CA",2015-06-22T07:00:00Z,2015-06-22,07
158.0,"Humboldt, CA",2015-07-24T23:00:00Z,2015-07-24,23
158.0,"Yuba, CA",2015-06-18T13:07:00Z,2015-06-18,13
150.0,"Solano, CA",2015-07-06T10:47:00Z,2015-07-06,10
150.0,"Riverside, CA",2015-07-01T20:38:00Z,2015-07-01,20
146.0,"Humboldt, CA",2015-08-18T18:30:00Z,2015-08-18,18
137.0,"Plumas, CA",2015-04-13T05:30:00Z,2015-04-13,05
135.0,"Madera, CA",2015-06-21T12:08:00Z,2015-06-21,12
128.0,"Trinity, CA",2015-08-25T14:08:00Z,2015-08-25,14
122.0,"San Joaquin, CA",2015-06-18T14:09:00Z,2015-06-18,14
116.0,"Modoc, CA",2015-07-23T16:40:00Z,2015-07-23,16
114.0,"Calaveras, CA",2015-08-13T16:15:00Z,2015-08-13,16
112.0,"Tuolumne, CA",2015-08-15T16:11:00Z,2015-08-15,16
111.0,"Lassen, CA",2015-06-30T18:00:00Z,2015-06-30,18
110.0,"Sacramento, CA",2015-09-03T12:12:00Z,2015-09-03,12
110.0,"Tehama, CA",2015-08-08T14:55:00Z,2015-08-08,14
110.0,"Placer, CA",2015-06-08T10:33:00Z,2015-06-08,10
109.0,"Shasta, CA",2015-09-11T15:08:00Z,2015-09-11,15
108.0,"Tuolumne, CA",2015-09-08T13:23:00Z,2015-09-08,13
104.0,"Butte, CA",2015-10-02T14:38:00Z,2015-10-02,14
100.0,"San Bernardino, CA",2015-06-25T18:30:00Z,2015-06-25,18
95.0,"Monterey, CA",2015-09-19T15:25:00Z,2015-09-19,15
95.0,"San Luis Obispo, CA",2015-07-10T12:41:00Z,2015-07-10,12
90.0,"Shasta, CA",2015-07-30T12:57:00Z,2015-07-30,12
86.0,"Tulare, CA",2015-07-30T12:40:00Z,2015-07-30,12
80.0,"San Diego, CA",2015-06-26T16:06:00Z,2015-06-26,16
80.0,"Riverside, CA",2015-06-01T10:16:00Z,2015-06-01,10
77.0,"Modoc, CA",2015-07-23T17:30:00Z,2015-07-23,17
75.0,"Shasta, CA",2015-08-02T03:00:00Z,2015-08-02,03
75.0,"Shasta, CA",2015-07-29T16:30:00Z,2015-07-29,16
75.0,"El Dorado, CA",2015-07-23T14:00:00Z,2015-07-23,14
75.0,"Butte, CA",2015-07-01T13:05:00Z,2015-07-01,13
72.0,"Butte, CA",2015-09-02T13:18:00Z,2015-09-02,13
69.0,"Siskiyou, CA",2015-08-20T16:00:00Z,2015-08-20,16
67.0,"Kern, CA",2015-06-15T15:46:00Z,2015-06-15,15
65.0,"San Bernardino, CA",2015-08-01T13:04:00Z,2015-08-01,13
60.0,"Fresno, CA",2015-07-18T16:31:00Z,2015-07-18,16
60.0,"Lassen, CA",2015-06-19T16:15:00Z,2015-06-19,16
60.0,"Riverside, CA",2015-06-18T14:16:00Z,2015-06-18,14
60.0,"Mariposa, CA",2015-06-18T12:03:00Z,2015-06-18,12
60.0,"Amador, CA",2015-06-16T16:42:00Z,2015-06-16,16
59.0,"Shasta, CA",2015-08-03T14:28:00Z,2015-08-03,14
58.0,"Siskiyou, CA",2015-10-10T12:00:00Z,2015-10-10,12
55.0,"San Bernardino, CA",2015-08-23T12:25:00Z,2015-08-23,12
55.0,"San Diego, CA",2015-08-09T08:22:00Z,2015-08-09,08
55.0,"Tehama, CA",2015-06-17T12:50:00Z,2015-06-17,12
54.0,"San Bernardino, CA",2015-07-12T14:46:00Z,2015-07-12,14
53.0,"Alameda, CA",2015-06-25T16:10:00Z,2015-06-25,16
52.0,"Santa Barbara, CA",2015-08-01T14:32:00Z,2015-08-01,14
50.0,"Ventura, CA",2015-11-07T01:45:00Z,2015-11-07,01
50.0,"Mendocino, CA",2015-07-30T13:36:00Z,2015-07-30,13
45.0,"Kern, CA",2015-09-09T11:45:00Z,2015-09-09,11
45.0,"Alameda, CA",2015-07-02T04:40:00Z,2015-07-02,04
45.0,"Fresno, CA",2015-06-05T17:00:00Z,2015-06-05,17
43.0,"Modoc, CA",2015-07-09T15:00:00Z,2015-07-09,15
42.0,"Santa Clara, CA",2015-06-30T15:23:00Z,2015-06-30,15
40.0,"Lassen, CA",2015-09-09T14:12:00Z,2015-09-09,14
40.0,"Stanislaus, CA",2015-07-28T12:10:00Z,2015-07-28,12
40.0,"Solano, CA",2015-07-10T13:36:00Z,2015-07-10,13
38.0,"Napa, CA",2015-06-16T14:27:00Z,2015-06-16,14
36.0,"Napa, CA",2015-06-09T15:23:00Z,2015-06-09,15
35.0,"Trinity, CA",2015-09-08T15:56:00Z,2015-09-08,15
35.0,"El Dorado, CA",2015-07-03T09:28:00Z,2015-07-03,09
35.0,"Mendocino, CA",2015-06-28T13:30:00Z,2015-06-28,13
30.0,"Lassen, CA",2015-08-29T16:06:00Z,2015-08-29,16
30.0,"Yuba, CA",2015-08-03T18:07:00Z,2015-08-03,18
29.0,"Ventura, CA",2015-11-11T17:40:00Z,2015-11-11,17
26.0,"Placer, CA",2015-07-22T18:17:00Z,2015-07-22,18
25.0,"San Diego, CA",2015-07-24T12:43:00Z,2015-07-24,12
25.0,"San Benito, CA",2015-07-20T13:23:00Z,2015-07-20,13
25.0,"San Diego, CA",2015-07-16T11:30:00Z,2015-07-16,11
25.0,"El Dorado, CA",2015-07-02T17:10:00Z,2015-07-02,17
25.0,"Mariposa, CA",2015-06-07T12:06:00Z,2015-06-07,12
25.0,"Lake, CA",2015-06-05T19:57:00Z,2015-06-05,19
25.0,"Riverside, CA",2015-06-05T13:32:00Z,2015-06-05,13
24.0,"Siskiyou, CA",2015-07-21T17:00:00Z,2015-07-21,17
23.0,"Mendocino, CA",2015-07-04T15:30:00Z,2015-07-04,15
22.0,"Lake, CA",2015-08-24T12:12:00Z,2015-08-24,12
21.0,"Santa Barbara, CA",2015-10-29T05:30:00Z,2015-10-29,05
21.0,"Riverside, CA",2015-07-12T13:52:00Z,2015-07-12,13
20.0,"Humboldt, CA",2015-06-10T07:42:00Z,2015-06-10,07
19.0,"Napa, CA",2015-06-27T12:51:00Z,2015-06-27,12
18.0,"Shasta, CA",2015-07-07T12:34:00Z,2015-07-07,12
16.0,"Humboldt, CA",2015-07-28T17:19:00Z,2015-07-28,17
0.0,"Trinity, CA",2015-07-30T16:00:00Z,2015-07-30,16
132127.0,"Monterey, CA",2016-07-22T08:48:00Z,2016-07-22,08
48019.0,"Kern, CA",2016-06-23T15:51:00Z,2016-06-23,15
46344.0,"San Luis Obispo, CA",2016-08-13T16:03:00Z,2016-08-13,16
36274.0,"San Bernardino, CA",2016-08-16T10:44:00Z,2016-08-16,10
33867.0,"Siskiyou, CA",2016-08-27T18:00:00Z,2016-08-27,18
32606.0,"Santa Barbara, CA",2016-08-18T17:57:00Z,2016-08-18,17
29322.0,"Kern, CA",2016-08-16T16:35:00Z,2016-08-16,16
12518.0,"Santa Barbara, CA",2016-09-17T17:20:00Z,2016-09-17,17
8110.0,"San Bernardino, CA",2016-08-07T12:18:00Z,2016-08-07,12
7609.0,"San Diego, CA",2016-06-19T11:03:00Z,2016-06-19,11
7474.0,"Santa Barbara, CA",2016-06-15T15:21:00Z,2016-06-15,15
7050.0,"Fresno, CA",2016-08-09T13:08:00Z,2016-08-09,13
5731.0,"Yolo, CA",2016-08-02T16:36:00Z,2016-08-02,16
5646.0,"El Dorado, CA",2016-06-28T13:55:00Z,2016-06-28,13
5646.0,"Placer, CA",2016-06-28T13:55:00Z,2016-06-28,13
5443.0,"Inyo, CA",2016-09-17T13:49:00Z,2016-09-17,13
5399.0,"Los Angeles, CA",2016-06-20T13:59:00Z,2016-06-20,13
4824.0,"Los Angeles, CA",2016-11-14T05:45:00Z,2016-11-14,05
4474.0,"Santa Clara, CA",2016-09-26T14:42:00Z,2016-09-26,14
4347.0,"Tulare, CA",2016-10-29T11:15:00Z,2016-10-29,11
3929.0,"Lake, CA",2016-08-13T18:03:00Z,2016-08-13,18
3876.0,"Monterey, CA",2016-05-22T15:27:00Z,2016-05-22,15
3712.0,"San Luis Obispo, CA",2016-05-18T14:27:00Z,2016-05-18,14
2944.0,"Fresno, CA",2016-07-01T17:16:00Z,2016-07-01,17
2860.0,"Siskiyou, CA",2016-06-07T02:45:00Z,2016-06-07,02
2819.0,"Mono, CA",2016-08-04T14:09:00Z,2016-08-04,14
2652.0,"Modoc, CA",2016-09-17T14:37:00Z,2016-09-17,14
2575.0,"Lassen, CA",2016-09-11T11:33:00Z,2016-09-11,11
2520.0,"Monterey, CA",2016-06-04T14:33:00Z,2016-06-04,14
2304.0,"Ventura, CA",2016-06-30T16:55:00Z,2016-06-30,16
2241.0,"Fresno, CA",2016-07-30T16:40:00Z,2016-07-30,16
2100.0,"Fresno, CA",2016-10-11T12:58:00Z,2016-10-11,12
1785.0,"Kern, CA",2016-07-01T14:05:00Z,2016-07-01,14
1547.0,"Sonoma, CA",2016-09-25T10:43:00Z,2016-09-25,10
1470.0,"Riverside, CA",2016-08-30T12:25:00Z,2016-08-30,12
1246.0,"Merced, CA",2016-06-25T23:45:00Z,2016-06-25,23
1245.0,"San Diego, CA",2016-07-21T16:06:00Z,2016-07-21,16
1109.0,"Los Angeles, CA",2016-07-09T12:04:00Z,2016-07-09,12
1080.0,"Tuolumne, CA",2016-09-26T12:20:00Z,2016-09-26,12
850.0,"Butte, CA",2016-09-05T16:28:00Z,2016-09-05,16
710.0,"Siskiyou, CA",2016-08-24T14:55:00Z,2016-08-24,14
650.0,"Mono, CA",2016-06-25T06:30:00Z,2016-06-25,06
599.0,"Humboldt, CA",2016-08-22T16:03:00Z,2016-08-22,16
554.0,"Kern, CA",2016-07-08T11:15:00Z,2016-07-08,11
550.0,"Butte, CA",2016-08-02T14:35:00Z,2016-08-02,14
518.0,"Kern, CA",2016-08-26T10:10:00Z,2016-08-26,10
464.0,"Tehama, CA",2016-06-30T13:32:00Z,2016-06-30,13
450.0,"Calaveras, CA",2016-08-28T13:07:00Z,2016-08-28,13
441.0,"Shasta, CA",2016-07-08T22:45:00Z,2016-07-08,22
400.0,"Yuba, CA",2016-08-18T15:35:00Z,2016-08-18,15
395.0,"Tulare, CA",2016-08-22T22:00:00Z,2016-08-22,22
380.0,"Modoc, CA",2016-09-11T14:15:00Z,2016-09-11,14
372.0,"Amador, CA",2016-06-28T19:02:00Z,2016-06-28,19
360.0,"Tehama, CA",2016-09-13T23:10:00Z,2016-09-13,23
341.0,"Calaveras, CA",2016-07-12T13:14:00Z,2016-07-12,13
310.0,"Calaveras, CA",2016-07-02T14:55:00Z,2016-07-02,14
306.0,"Kern, CA",2016-09-19T14:13:00Z,2016-09-19,14
304.0,"Kern, CA",2016-08-28T18:50:00Z,2016-08-28,18
278.0,"Fresno, CA",2016-05-25T01:03:00Z,2016-05-25,01
277.0,"Yolo, CA",2016-06-26T15:45:00Z,2016-06-26,15
248.0,"Plumas, CA",2016-09-26T13:23:00Z,2016-09-26,13
237.0,"San Benito, CA",2016-06-17T14:30:00Z,2016-06-17,14
221.0,"Kern, CA",2016-07-13T17:08:00Z,2016-07-13,17
215.0,"Santa Barbara, CA",2016-09-22T14:20:00Z,2016-09-22,14
215.0,"Lake, CA",2016-06-26T16:00:00Z,2016-06-26,16
211.0,"Alameda, CA",2016-06-25T16:11:00Z,2016-06-25,16
210.0,"Amador, CA",2016-06-17T14:54:00Z,2016-06-17,14
188.0,"Fresno, CA",2016-07-11T14:30:00Z,2016-07-11,14
176.0,"El Dorado, CA",2016-10-14T01:28:00Z,2016-10-14,01
173.0,"Riverside, CA",2016-07-12T15:20:00Z,2016-07-12,15
169.0,"Placer, CA",2016-05-17T15:06:00Z,2016-05-17,15
158.0,"Fresno, CA",2016-09-03T14:44:00Z,2016-09-03,14
156.0,"Los Angeles, CA",2016-05-23T14:15:00Z,2016-05-23,14
151.0,"Fresno, CA",2016-04-28T17:45:00Z,2016-04-28,17
150.0,"Del Norte, CA",2016-09-13T13:55:00Z,2016-09-13,13
150.0,"Orange, CA",2016-08-31T04:10:00Z,2016-08-31,04
150.0,"San Luis Obispo, CA",2016-05-10T16:11:00Z,2016-05-10,16
147.0,"San Joaquin, CA",2016-08-20T08:35:00Z,2016-08-20,08
145.0,"Fresno, CA",2016-07-04T17:15:00Z,2016-07-04,17
140.0,"Stanislaus, CA",2016-08-04T15:45:00Z,2016-08-04,15
139.0,"Riverside, CA",2016-06-04T11:40:00Z,2016-06-04,11
138.0,"Kern, CA",2016-07-15T23:55:00Z,2016-07-15,23
132.0,"Fresno, CA",2016-05-15T16:38:00Z,2016-05-15,16
130.0,"Butte, CA",2016-09-22T11:45:00Z,2016-09-22,11
123.0,"Fresno, CA",2016-07-15T16:45:00Z,2016-07-15,16
122.0,"Mono, CA",2016-08-05T15:45:00Z,2016-08-05,15
120.0,"Stanislaus, CA",2016-06-07T16:30:00Z,2016-06-07,16
114.0,"Santa Clara, CA",2016-07-30T17:25:00Z,2016-07-30,17
112.0,"Butte, CA",2016-06-20T16:38:00Z,2016-06-20,16
103.0,"Madera, CA",2016-07-04T11:53:00Z,2016-07-04,11
100.0,"Shasta, CA",2016-09-25T07:15:00Z,2016-09-25,07
100.0,"Santa Clara, CA",2016-08-17T15:19:00Z,2016-08-17,15
100.0,"Kern, CA",2016-08-04T17:10:00Z,2016-08-04,17
100.0,"Stanislaus, CA",2016-08-03T16:08:00Z,2016-08-03,16
100.0,"Monterey, CA",2016-07-22T15:15:00Z,2016-07-22,15
100.0,"San Diego, CA",2016-07-18T13:08:00Z,2016-07-18,13
95.0,"San Benito, CA",2016-07-09T12:43:00Z,2016-07-09,12
91.0,"Butte, CA",2016-05-27T13:43:00Z,2016-05-27,13
88.0,"Butte, CA",2016-08-26T15:30:00Z,2016-08-26,15
88.0,"Tehama, CA",2016-07-01T13:54:00Z,2016-07-01,13
88.0,"Placer, CA",2016-06-21T12:24:00Z,2016-06-21,12
87.0,"Sacramento, CA",2016-07-10T15:30:00Z,2016-07-10,15
86.0,"San Luis Obispo, CA",2016-06-27T12:07:00Z,2016-06-27,12
85.0,"Madera, CA",2016-08-04T14:13:00Z,2016-08-04,14
85.0,"Tuolumne, CA",2016-05-30T15:10:00Z,2016-05-30,15
84.0,"Yolo, CA",2016-07-15T14:00:00Z,2016-07-15,14
83.0,"Calaveras, CA",2016-06-15T12:46:00Z,2016-06-15,12
83.0,"San Benito, CA",2016-06-12T12:45:00Z,2016-06-12,12
80.0,"Tehama, CA",2016-08-03T17:27:00Z,2016-08-03,17
80.0,"Madera, CA",2016-07-21T12:53:00Z,2016-07-21,12
80.0,"Tehama, CA",2016-06-11T14:30:00Z,2016-06-11,14
78.0,"Ventura, CA",2016-07-13T15:52:00Z,2016-07-13,15
75.0,"Shasta, CA",2016-09-10T15:45:00Z,2016-09-10,15
70.0,"Fresno, CA",2016-09-23T12:40:00Z,2016-09-23,12
70.0,"Monterey, CA",2016-06-18T16:47:00Z,2016-06-18,16
70.0,"San Diego, CA",2016-05-31T13:48:00Z,2016-05-31,13
69.0,"Lake, CA",2016-07-19T17:16:00Z,2016-07-19,17
65.0,"Napa, CA",2016-10-10T16:13:00Z,2016-10-10,16
61.0,"Kern, CA",2016-06-11T15:04:00Z,2016-06-11,15
57.0,"Solano, CA",2016-07-22T13:01:00Z,2016-07-22,13
57.0,"Calaveras, CA",2016-07-21T15:06:00Z,2016-07-21,15
56.0,"Siskiyou, CA",2016-05-19T15:37:00Z,2016-05-19,15
52.0,"Monterey, CA",2016-06-23T17:57:00Z,2016-06-23,17
50.0,"Mendocino, CA",2016-09-10T14:06:00Z,2016-09-10,14
50.0,"San Bernardino, CA",2016-09-07T16:53:00Z,2016-09-07,16
50.0,"El Dorado, CA",2016-07-22T13:15:00Z,2016-07-22,13
50.0,"Ventura, CA",2016-04-28T19:00:00Z,2016-04-28,19
49.0,"Butte, CA",2016-06-21T15:09:00Z,2016-06-21,15
47.0,"Orange, CA",2016-06-26T13:10:00Z,2016-06-26,13
45.0,"Amador, CA",2016-09-23T13:12:00Z,2016-09-23,13
45.0,"Lake, CA",2016-08-09T17:30:00Z,2016-08-09,17
45.0,"Ventura, CA",2016-07-01T14:00:00Z,2016-07-01,14
43.0,"Tehama, CA",2016-06-21T10:26:00Z,2016-06-21,10
43.0,"Kern, CA",2016-05-30T17:57:00Z,2016-05-30,17
42.0,"Lassen, CA",2016-07-30T16:25:00Z,2016-07-30,16
40.0,"Sacramento, CA",2016-09-11T11:25:00Z,2016-09-11,11
40.0,"Riverside, CA",2016-08-28T15:23:00Z,2016-08-28,15
40.0,"Contra Costa, CA",2016-07-24T16:30:00Z,2016-07-24,16
38.0,"Madera, CA",2016-07-29T17:55:00Z,2016-07-29,17
36.0,"Mendocino, CA",2016-08-30T13:35:00Z,2016-08-30,13
36.0,"Lake, CA",2016-08-09T18:50:00Z,2016-08-09,18
35.0,"San Diego, CA",2016-08-10T09:14:00Z,2016-08-10,09
35.0,"Shasta, CA",2016-08-09T12:14:00Z,2016-08-09,12
35.0,"Butte, CA",2016-07-28T14:27:00Z,2016-07-28,14
35.0,"Calaveras, CA",2016-07-12T15:19:00Z,2016-07-12,15
33.0,"Calaveras, CA",2016-06-27T18:00:00Z,2016-06-27,18
32.0,"Siskiyou, CA",2016-09-12T16:28:00Z,2016-09-12,16
32.0,"Tuolumne, CA",2016-07-30T17:25:00Z,2016-07-30,17
32.0,"Sacramento, CA",2016-06-03T16:57:00Z,2016-06-03,16
30.0,"Butte, CA",2016-09-16T23:28:00Z,2016-09-16,23
30.0,"Inyo, CA",2016-07-01T12:56:00Z,2016-07-01,12
30.0,"San Benito, CA",2016-06-03T17:39:00Z,2016-06-03,17
30.0,"Butte, CA",2016-05-29T16:51:00Z,2016-05-29,16
30.0,"Merced, CA",2016-04-24T11:10:00Z,2016-04-24,11
28.0,"San Diego, CA",2016-11-13T11:14:00Z,2016-11-13,11
28.0,"San Diego, CA",2016-07-22T14:47:00Z,2016-07-22,14
26.0,"Amador, CA",2016-08-05T13:49:00Z,2016-08-05,13
26.0,"Siskiyou, CA",2016-07-19T14:09:00Z,2016-07-19,14
25.0,"Santa Clara, CA",2016-09-01T14:36:00Z,2016-09-01,14
25.0,"Santa Clara, CA",2016-08-12T16:00:00Z,2016-08-12,16
25.0,"El Dorado, CA",2016-08-06T15:00:00Z,2016-08-06,15
25.0,"Lake, CA",2016-07-29T14:55:00Z,2016-07-29,14
25.0,"El Dorado, CA",2016-06-03T12:41:00Z,2016-06-03,12
25.0,"Monterey, CA",2016-05-12T14:13:00Z,2016-05-12,14
24.0,"Shasta, CA",2016-06-11T16:02:00Z,2016-06-11,16
23.0,"Humboldt, CA",2016-08-11T14:57:00Z,2016-08-11,14
23.0,"Siskiyou, CA",2016-07-21T20:30:00Z,2016-07-21,20
21.0,"Humboldt, CA",2016-08-12T17:23:00Z,2016-08-12,17
20.0,"San Bernardino, CA",2016-09-03T21:51:00Z,2016-09-03,21
20.0,"Lake, CA",2016-08-30T16:54:00Z,2016-08-30,16
20.0,"Ventura, CA",2016-05-12T14:13:00Z,2016-05-12,14
19.0,"Amador, CA",2016-08-30T16:52:00Z,2016-08-30,16
15.0,"Ventura, CA",2016-07-11T12:58:00Z,2016-07-11,12
11.0,"Tehama, CA",2016-07-25T16:55:00Z,2016-07-25,16
11.0,"Shasta, CA",2016-05-25T16:51:00Z,2016-05-25,16
10.0,"Tulare, CA",2016-10-20T17:00:00Z,2016-10-20,17
0.0,"Los Angeles, CA",2016-07-22T14:11:00Z,2016-07-22,14
0.0,"San Luis Obispo, CA",2016-06-04T17:46:00Z,2016-06-04,17
0.0,"Los Angeles, CA",2016-06-04T16:09:00Z,2016-06-04,16
0.0,"Tulare, CA",2016-06-01T15:35:00Z,2016-06-01,15
0.0,"Los Angeles, CA",2016-04-19T13:09:00Z,2016-04-19,13
281893.0,"Santa Barbara, CA",2017-12-04T18:28:00Z,2017-12-04,18
281893.0,"Ventura, CA",2017-12-04T18:28:00Z,2017-12-04,18
83733.0,"Lassen, CA",2017-07-11T14:15:00Z,2017-07-11,14
83120.0,"Modoc, CA",2017-07-24T12:00:00Z,2017-07-24,12
81826.0,"Mariposa, CA",2017-07-16T15:56:00Z,2017-07-16,15
78698.0,"Siskiyou, CA",2017-08-15T07:55:00Z,2017-08-15,07
56556.0,"Napa, CA",2017-10-08T22:00:00Z,2017-10-08,22
56556.0,"Sonoma, CA",2017-10-08T22:00:00Z,2017-10-08,22
51624.0,"Napa, CA",2017-10-08T21:52:00Z,2017-10-08,21
51624.0,"Solano, CA",2017-10-08T21:52:00Z,2017-10-08,21
48889.0,"Kings, CA",2017-07-09T15:10:00Z,2017-07-09,15
39715.0,"Siskiyou, CA",2017-08-14T14:00:00Z,2017-08-14,14
36807.0,"Napa, CA",2017-10-08T21:45:00Z,2017-10-08,21
36807.0,"Sonoma, CA",2017-10-08T21:45:00Z,2017-10-08,21
36556.0,"Tulare, CA",2017-08-29T08:29:00Z,2017-08-29,08
36523.0,"Mendocino, CA",2017-10-08T23:36:00Z,2017-10-08,23
28687.0,"San Luis Obispo, CA",2017-07-06T15:44:00Z,2017-07-06,15
27276.0,"Siskiyou, CA",2017-07-26T18:00:00Z,2017-07-26,18
21846.0,"Trinity, CA",2017-08-30T18:00:00Z,2017-08-30,18
18900.0,"Tulare, CA",2017-09-27T14:00:00Z,2017-09-27,14
18618.0,"Lassen, CA",2017-08-30T08:30:00Z,2017-08-30,08
18430.0,"Santa Barbara, CA",2017-07-08T13:43:00Z,2017-07-08,13
17357.0,"Sonoma, CA",2017-10-09T03:30:00Z,2017-10-09,03
16031.0,"Tulare, CA",2017-06-24T16:16:00Z,2017-06-24,16
15619.0,"Los Angeles, CA",2017-12-05T03:44:00Z,2017-12-05,03
13417.0,"Trinity, CA",2017-09-12T17:42:00Z,2017-09-12,17
12407.0,"Madera, CA",2017-08-29T12:19:00Z,2017-08-29,12
10343.0,"Fresno, CA",2017-05-18T13:11:00Z,2017-05-18,13
9989.0,"Yuba, CA",2017-10-08T23:03:00Z,2017-10-08,23
9217.0,"Orange, CA",2017-10-09T09:51:00Z,2017-10-09,09
8925.0,"Mono, CA",2017-08-29T15:15:00Z,2017-08-29,15
8417.0,"Butte, CA",2017-10-08T21:45:00Z,2017-10-08,21
8094.0,"Mariposa, CA",2017-08-01T08:45:00Z,2017-08-01,08
7697.0,"Modoc, CA",2017-08-03T14:00:00Z,2017-08-03,14
7194.0,"Los Angeles, CA",2017-09-01T13:26:00Z,2017-09-01,13
7000.0,"Mariposa, CA",2017-08-14T14:28:00Z,2017-08-14,14
6309.0,"Riverside, CA",2017-06-26T15:10:00Z,2017-06-26,15
6151.0,"Butte, CA",2017-10-09T00:57:00Z,2017-10-09,00
6049.0,"Los Angeles, CA",2017-12-05T11:31:00Z,2017-12-05,11
6042.0,"Lassen, CA",2017-08-29T14:36:00Z,2017-08-29,14
6033.0,"Butte, CA",2017-07-07T14:52:00Z,2017-07-07,14
5738.0,"Fresno, CA",2017-04-20T15:40:00Z,2017-04-20,15
5247.0,"Stanislaus, CA",2017-07-31T13:44:00Z,2017-07-31,13
4736.0,"Trinity, CA",2017-08-07T22:30:00Z,2017-08-07,22
4310.0,"Plumas, CA",2017-07-29T18:55:00Z,2017-07-29,18
4100.0,"San Diego, CA",2017-12-07T11:15:00Z,2017-12-07,11
4016.0,"Butte, CA",2017-08-29T13:16:00Z,2017-08-29,13
3874.0,"Riverside, CA",2017-09-02T13:33:00Z,2017-09-02,13
3142.0,"Siskiyou, CA",2017-08-07T17:45:00Z,2017-08-07,17
2940.0,"Kern, CA",2017-07-07T09:18:00Z,2017-07-07,09
2662.0,"Orange, CA",2017-09-25T13:03:00Z,2017-09-25,13
2575.0,"Plumas, CA",2017-09-05T18:38:00Z,2017-09-05,18
2312.0,"Kings, CA",2017-08-24T18:13:00Z,2017-08-24,18
2295.0,"Tulare, CA",2017-08-02T18:00:00Z,2017-08-02,18
2289.0,"Tulare, CA",2017-07-30T17:43:00Z,2017-07-30,17
2269.0,"Yolo, CA",2017-07-06T12:41:00Z,2017-07-06,12
2207.0,"Lake, CA",2017-10-08T23:59:00Z,2017-10-08,23
2056.0,"San Diego, CA",2017-05-20T23:19:00Z,2017-05-20,23
1868.0,"Sonoma, CA",2017-10-09T01:00:00Z,2017-10-09,01
1816.0,"Monterey, CA",2017-07-08T18:30:00Z,2017-07-08,18
1816.0,"San Luis Obispo, CA",2017-07-08T18:30:00Z,2017-07-08,18
1800.0,"Merced, CA",2017-05-12T15:30:00Z,2017-05-12,15
1749.0,"Stanislaus, CA",2017-09-03T16:23:00Z,2017-09-03,16
1660.0,"Sonoma, CA",2017-10-09T14:00:00Z,2017-10-09,14
1649.0,"Fresno, CA",2017-07-17T13:15:00Z,2017-07-17,13
1626.0,"Kern, CA",2017-07-06T12:29:00Z,2017-07-06,12
1598.0,"San Luis Obispo, CA",2017-06-26T15:27:00Z,2017-06-26,15
1538.0,"Fresno, CA",2017-07-02T22:28:00Z,2017-07-02,22
1522.0,"Kern, CA",2017-06-18T14:22:00Z,2017-06-18,14
1503.0,"San Bernardino, CA",2017-06-19T15:05:00Z,2017-06-19,15
1431.0,"Madera, CA",2017-06-10T13:19:00Z,2017-06-10,13
1350.0,"Kern, CA",2017-07-30T16:17:00Z,2017-07-30,16
1350.0,"Riverside, CA",2017-04-30T15:23:00Z,2017-04-30,15
1319.0,"Kern, CA",2017-09-01T14:37:00Z,2017-09-01,14
1286.0,"Sacramento, CA",2017-07-26T14:45:00Z,2017-07-26,14
1200.0,"Kern, CA",2017-06-30T13:49:00Z,2017-06-30,13
1088.0,"San Diego, CA",2017-10-17T10:19:00Z,2017-10-17,10
1083.0,"Kern, CA",2017-07-18T11:45:00Z,2017-07-18,11
1044.0,"Riverside, CA",2017-08-13T16:10:00Z,2017-08-13,16
1035.0,"Madera, CA",2017-09-03T13:06:00Z,2017-09-03,13
1020.0,"Plumas, CA",2017-08-06T15:32:00Z,2017-08-06,15
1000.0,"San Diego, CA",2017-05-25T18:15:00Z,2017-05-25,18
995.0,"Shasta, CA",2017-09-12T06:58:00Z,2017-09-12,06
976.0,"Fresno, CA",2017-04-28T15:40:00Z,2017-04-28,15
900.0,"Mendocino, CA",2017-07-16T14:51:00Z,2017-07-16,14
867.0,"Yuba, CA",2017-08-20T14:44:00Z,2017-08-20,14
866.0,"Riverside, CA",2017-10-26T12:34:00Z,2017-10-26,12
859.0,"Lassen, CA",2017-08-06T19:52:00Z,2017-08-06,19
800.0,"Los Angeles, CA",2017-06-17T13:55:00Z,2017-06-17,13
775.0,"San Luis Obispo, CA",2017-08-11T16:06:00Z,2017-08-11,16
760.0,"Los Angeles, CA",2017-06-25T12:47:00Z,2017-06-25,12
690.0,"Tuolumne, CA",2017-07-29T13:50:00Z,2017-07-29,13
680.0,"Mariposa, CA",2017-09-03T13:10:00Z,2017-09-03,13
670.0,"San Bernardino, CA",2017-06-27T15:22:00Z,2017-06-27,15
630.0,"Mariposa, CA",2017-06-28T15:49:00Z,2017-06-28,15
562.0,"Modoc, CA",2017-06-28T13:50:00Z,2017-06-28,13
545.0,"Riverside, CA",2017-08-14T15:45:00Z,2017-08-14,15
530.0,"Lassen, CA",2017-08-06T15:29:00Z,2017-08-06,15
506.0,"Kern, CA",2017-05-20T14:23:00Z,2017-05-20,14
486.0,"San Diego, CA",2017-05-19T14:45:00Z,2017-05-19,14
469.0,"Siskiyou, CA",2017-07-05T11:05:00Z,2017-07-05,11
460.0,"San Luis Obispo, CA",2017-08-02T10:15:00Z,2017-08-02,10
460.0,"San Bernardino, CA",2017-07-14T14:23:00Z,2017-07-14,14
450.0,"Fresno, CA",2017-06-11T17:15:00Z,2017-06-11,17
444.0,"Santa Barbara, CA",2017-09-29T14:42:00Z,2017-09-29,14
429.0,"Madera, CA",2017-09-18T16:04:00Z,2017-09-18,16
426.0,"El Dorado, CA",2017-10-13T13:16:00Z,2017-10-13,13
422.0,"Los Angeles, CA",2017-12-06T06:31:00Z,2017-12-06,06
416.0,"Tulare, CA",2017-07-20T19:16:00Z,2017-07-20,19
410.0,"Modoc, CA",2017-07-13T15:23:00Z,2017-07-13,15
400.0,"San Diego, CA",2017-07-11T13:45:00Z,2017-07-11,13
400.0,"Fresno, CA",2017-05-10T15:27:00Z,2017-05-10,15
391.0,"Santa Cruz, CA",2017-10-16T22:30:00Z,2017-10-16,22
380.0,"Modoc, CA",2017-04-03T16:00:00Z,2017-04-03,16
370.0,"Mono, CA",2017-11-13T11:28:00Z,2017-11-13,11
370.0,"Contra Costa, CA",2017-07-08T15:26:00Z,2017-07-08,15
357.0,"Fresno, CA",2017-06-23T16:00:00Z,2017-06-23,16
340.0,"San Luis Obispo, CA",2017-07-09T13:49:00Z,2017-07-09,13
339.0,"Tulare, CA",2017-06-07T11:55:00Z,2017-06-07,11
338.0,"Kern, CA",2017-08-10T14:32:00Z,2017-08-10,14
325.0,"San Bernardino, CA",2017-08-03T15:35:00Z,2017-08-03,15
319.0,"Del Norte, CA",2017-07-19T14:00:00Z,2017-07-19,14
300.0,"Riverside, CA",2017-12-07T13:14:00Z,2017-12-07,13
288.0,"Kern, CA",2017-05-15T14:05:00Z,2017-05-15,14
260.0,"San Bernardino, CA",2017-12-05T13:35:00Z,2017-12-05,13
255.0,"San Diego, CA",2017-07-22T15:00:00Z,2017-07-22,15
245.0,"San Luis Obispo, CA",2017-09-20T13:41:00Z,2017-09-20,13
237.0,"Fresno, CA",2017-09-19T19:47:00Z,2017-09-19,19
236.0,"El Dorado, CA",2017-07-30T01:45:00Z,2017-07-30,01
231.0,"Contra Costa, CA",2017-07-08T02:20:00Z,2017-07-08,02
225.0,"Mariposa, CA",2017-07-02T13:36:00Z,2017-07-02,13
225.0,"San Luis Obispo, CA",2017-05-18T08:48:00Z,2017-05-18,08
225.0,"San Luis Obispo, CA",2017-05-15T13:58:00Z,2017-05-15,13
206.0,"Kern, CA",2017-06-10T12:17:00Z,2017-06-10,12
205.0,"Riverside, CA",2017-07-04T16:55:00Z,2017-07-04,16
200.0,"Lake, CA",2017-09-12T14:36:00Z,2017-09-12,14
200.0,"Alameda, CA",2017-08-22T14:00:00Z,2017-08-22,14
200.0,"San Diego, CA",2017-08-21T14:00:00Z,2017-08-21,14
200.0,"Riverside, CA",2017-07-31T14:22:00Z,2017-07-31,14
194.0,"Tehama, CA",2017-10-26T20:00:00Z,2017-10-26,20
190.0,"Santa Barbara, CA",2017-05-20T17:54:00Z,2017-05-20,17
186.0,"Plumas, CA",2017-08-20T16:26:00Z,2017-08-20,16
186.0,"Fresno, CA",2017-06-11T10:46:00Z,2017-06-11,10
184.0,"Kern, CA",2017-10-15T17:11:00Z,2017-10-15,17
183.0,"Kern, CA",2017-10-12T10:42:00Z,2017-10-12,10
180.0,"Shasta, CA",2017-07-18T12:39:00Z,2017-07-18,12
170.0,"San Bernardino, CA",2017-07-23T15:53:00Z,2017-07-23,15
168.0,"Riverside, CA",2017-08-19T16:31:00Z,2017-08-19,16
166.0,"Butte, CA",2017-07-10T14:45:00Z,2017-07-10,14
157.0,"Lassen, CA",2017-08-26T12:35:00Z,2017-08-26,12
157.0,"Madera, CA",2017-06-07T21:00:00Z,2017-06-07,21
155.0,"Alameda, CA",2017-09-19T14:05:00Z,2017-09-19,14
155.0,"Siskiyou, CA",2017-07-29T16:33:00Z,2017-07-29,16
153.0,"Riverside, CA",2017-06-18T15:10:00Z,2017-06-18,15
150.0,"Butte, CA",2017-10-09T15:05:00Z,2017-10-09,15
150.0,"San Luis Obispo, CA",2017-07-24T14:43:00Z,2017-07-24,14
150.0,"San Luis Obispo, CA",2017-06-14T11:44:00Z,2017-06-14,11
150.0,"Madera, CA",2017-05-17T15:30:00Z,2017-05-17,15
150.0,"San Bernardino, CA",2017-04-30T16:03:00Z,2017-04-30,16
148.0,"Trinity, CA",2017-10-14T16:00:00Z,2017-10-14,16
146.0,"Mendocino, CA",2017-09-19T13:02:00Z,2017-09-19,13
143.0,"Butte, CA",2017-09-28T14:46:00Z,2017-09-28,14
140.0,"El Dorado, CA",2017-07-26T13:58:00Z,2017-07-26,13
136.0,"El Dorado, CA",2017-09-17T15:18:00Z,2017-09-17,15
135.0,"Los Angeles, CA",2017-07-28T15:25:00Z,2017-07-28,15
135.0,"Tulare, CA",2017-06-13T17:00:00Z,2017-06-13,17
134.0,"Butte, CA",2017-06-16T09:27:00Z,2017-06-16,09
130.0,"Calaveras, CA",2017-10-09T01:10:00Z,2017-10-09,01
130.0,"San Diego, CA",2017-09-01T04:20:00Z,2017-09-01,04
130.0,"San Luis Obispo, CA",2017-05-02T14:32:00Z,2017-05-02,14
128.0,"Shasta, CA",2017-07-01T00:48:00Z,2017-07-01,00
126.0,"Fresno, CA",2017-04-29T17:15:00Z,2017-04-29,17
125.0,"Mariposa, CA",2017-08-13T16:23:00Z,2017-08-13,16
124.0,"Tuolumne, CA",2017-07-30T16:28:00Z,2017-07-30,16
122.0,"Riverside, CA",2017-08-04T14:25:00Z,2017-08-04,14
120.0,"San Luis Obispo, CA",2017-09-03T16:59:00Z,2017-09-03,16
120.0,"Riverside, CA",2017-05-25T14:48:00Z,2017-05-25,14
117.0,"Calaveras, CA",2017-07-17T12:55:00Z,2017-07-17,12
116.0,"Alameda, CA",2017-10-17T14:00:00Z,2017-10-17,14
114.0,"Napa, CA",2017-08-11T12:57:00Z,2017-08-11,12
111.0,"Fresno, CA",2017-08-26T14:31:00Z,2017-08-26,14
111.0,"Butte, CA",2017-06-22T11:10:00Z,2017-06-22,11
105.0,"San Luis Obispo, CA",2017-09-26T15:30:00Z,2017-09-26,15
105.0,"Riverside, CA",2017-06-15T11:36:00Z,2017-06-15,11
103.0,"Butte, CA",2017-07-19T16:02:00Z,2017-07-19,16
102.0,"Fresno, CA",2017-08-30T16:51:00Z,2017-08-30,16
101.0,"Santa Clara, CA",2017-07-11T16:51:00Z,2017-07-11,16
100.0,"San Diego, CA",2017-10-21T13:04:00Z,2017-10-21,13
100.0,"Sonoma, CA",2017-10-14T20:35:00Z,2017-10-14,20
100.0,"Lake, CA",2017-10-14T05:00:00Z,2017-10-14,05
100.0,"Solano, CA",2017-10-02T09:37:00Z,2017-10-02,09
100.0,"Santa Clara, CA",2017-09-03T19:17:00Z,2017-09-03,19
100.0,"Fresno, CA",2017-09-03T09:23:00Z,2017-09-03,09
100.0,"Santa Clara, CA",2017-08-11T14:55:00Z,2017-08-11,14
100.0,"San Bernardino, CA",2017-07-31T14:44:00Z,2017-07-31,14
99.0,"San Bernardino, CA",2017-11-29T12:19:00Z,2017-11-29,12
92.0,"Riverside, CA",2017-08-07T14:14:00Z,2017-08-07,14
91.0,"Fresno, CA",2017-07-05T15:40:00Z,2017-07-05,15
91.0,"Butte, CA",2017-06-06T12:43:00Z,2017-06-06,12
90.0,"Madera, CA",2017-07-07T10:00:00Z,2017-07-07,10
87.0,"Lake, CA",2017-10-06T14:38:00Z,2017-10-06,14
86.0,"Ventura, CA",2017-10-24T14:44:00Z,2017-10-24,14
85.0,"Riverside, CA",2017-08-31T10:13:00Z,2017-08-31,10
85.0,"Humboldt, CA",2017-08-03T11:58:00Z,2017-08-03,11
85.0,"San Bernardino, CA",2017-07-22T13:35:00Z,2017-07-22,13
85.0,"Santa Clara, CA",2017-06-29T13:56:00Z,2017-06-29,13
82.0,"Monterey, CA",2017-08-07T18:08:00Z,2017-08-07,18
81.0,"San Diego, CA",2017-10-13T15:40:00Z,2017-10-13,15
80.0,"El Dorado, CA",2017-12-28T20:51:00Z,2017-12-28,20
79.0,"Plumas, CA",2017-09-03T20:32:00Z,2017-09-03,20
79.0,"Tulare, CA",2017-05-31T11:30:00Z,2017-05-31,11
78.0,"Santa Clara, CA",2017-07-23T16:07:00Z,2017-07-23,16
78.0,"Tehama, CA",2017-06-04T16:22:00Z,2017-06-04,16
76.0,"Fresno, CA",2017-06-11T22:45:00Z,2017-06-11,22
74.0,"San Luis Obispo, CA",2017-09-26T16:45:00Z,2017-09-26,16
74.0,"El Dorado, CA",2017-07-08T16:38:00Z,2017-07-08,16
74.0,"San Bernardino, CA",2017-07-07T15:45:00Z,2017-07-07,15
73.0,"San Luis Obispo, CA",2017-10-13T12:14:00Z,2017-10-13,12
72.0,"Riverside, CA",2017-07-18T15:34:00Z,2017-07-18,15
70.0,"San Luis Obispo, CA",2017-08-02T10:33:00Z,2017-08-02,10
70.0,"Colusa, CA",2017-07-17T13:17:00Z,2017-07-17,13
70.0,"Santa Clara, CA",2017-07-10T15:54:00Z,2017-07-10,15
70.0,"Fresno, CA",2017-05-19T23:28:00Z,2017-05-19,23
69.0,"Fresno, CA",2017-08-27T18:47:00Z,2017-08-27,18
68.0,"Sacramento, CA",2017-06-01T15:38:00Z,2017-06-01,15
67.0,"Lassen, CA",2017-06-04T16:12:00Z,2017-06-04,16
65.0,"Stanislaus, CA",2017-06-21T14:45:00Z,2017-06-21,14
63.0,"Riverside, CA",2017-07-28T18:11:00Z,2017-07-28,18
63.0,"Mariposa, CA",2017-06-15T07:30:00Z,2017-06-15,07
62.0,"San Diego, CA",2017-08-26T11:30:00Z,2017-08-26,11
62.0,"Lake, CA",2017-08-08T16:40:00Z,2017-08-08,16
62.0,"Stanislaus, CA",2017-07-08T11:00:00Z,2017-07-08,11
60.0,"Tehama, CA",2017-06-18T07:15:00Z,2017-06-18,07
59.0,"Tulare, CA",2017-07-17T15:32:00Z,2017-07-17,15
59.0,"Calaveras, CA",2017-07-12T13:10:00Z,2017-07-12,13
58.0,"Fresno, CA",2017-10-11T15:59:00Z,2017-10-11,15
58.0,"Lake, CA",2017-09-12T16:08:00Z,2017-09-12,16
58.0,"Tulare, CA",2017-07-18T15:50:00Z,2017-07-18,15
58.0,"San Luis Obispo, CA",2017-07-07T16:23:00Z,2017-07-07,16
57.0,"Tehama, CA",2017-07-28T13:24:00Z,2017-07-28,13
57.0,"Fresno, CA",2017-07-04T13:21:00Z,2017-07-04,13
56.0,"Siskiyou, CA",2017-06-18T15:45:00Z,2017-06-18,15
55.0,"Solano, CA",2017-09-23T11:05:00Z,2017-09-23,11
55.0,"Siskiyou, CA",2017-08-29T15:39:00Z,2017-08-29,15
55.0,"Los Angeles, CA",2017-06-29T15:09:00Z,2017-06-29,15
54.0,"Siskiyou, CA",2017-08-28T22:00:00Z,2017-08-28,22
54.0,"Siskiyou, CA",2017-08-28T21:38:00Z,2017-08-28,21
54.0,"Santa Clara, CA",2017-06-21T18:02:00Z,2017-06-21,18
51.0,"Santa Clara, CA",2017-07-26T23:19:00Z,2017-07-26,23
50.0,"Kern, CA",2017-10-26T11:55:00Z,2017-10-26,11
50.0,"Riverside, CA",2017-10-23T10:31:00Z,2017-10-23,10
50.0,"Los Angeles, CA",2017-10-17T03:43:00Z,2017-10-17,03
50.0,"Kern, CA",2017-08-05T13:16:00Z,2017-08-05,13
50.0,"Santa Barbara, CA",2017-07-17T14:55:00Z,2017-07-17,14
50.0,"Yuba, CA",2017-07-08T16:47:00Z,2017-07-08,16
50.0,"Ventura, CA",2017-07-04T14:45:00Z,2017-07-04,14
50.0,"Riverside, CA",2017-07-03T15:14:00Z,2017-07-03,15
50.0,"San Diego, CA",2017-06-13T14:31:00Z,2017-06-13,14
48.0,"Madera, CA",2017-09-20T21:07:00Z,2017-09-20,21
48.0,"Riverside, CA",2017-05-28T15:27:00Z,2017-05-28,15
47.0,"San Benito, CA",2017-11-25T16:46:00Z,2017-11-25,16
47.0,"San Luis Obispo, CA",2017-07-20T14:43:00Z,2017-07-20,14
46.0,"Riverside, CA",2017-08-27T14:51:00Z,2017-08-27,14
46.0,"San Bernardino, CA",2017-07-12T15:29:00Z,2017-07-12,15
46.0,"Siskiyou, CA",2017-06-06T16:38:00Z,2017-06-06,16
45.0,"Riverside, CA",2017-12-21T11:16:00Z,2017-12-21,11
45.0,"San Luis Obispo, CA",2017-10-09T14:30:00Z,2017-10-09,14
45.0,"Shasta, CA",2017-04-03T16:00:00Z,2017-04-03,16
44.0,"Alameda, CA",2017-08-27T17:45:00Z,2017-08-27,17
43.0,"Tehama, CA",2017-11-02T14:40:00Z,2017-11-02,14
43.0,"Monterey, CA",2017-09-11T15:11:00Z,2017-09-11,15
42.0,"Monterey, CA",2017-06-29T20:44:00Z,2017-06-29,20
42.0,"Tehama, CA",2017-06-24T11:15:00Z,2017-06-24,11
42.0,"Modoc, CA",2017-06-03T13:09:00Z,2017-06-03,13
41.0,"Siskiyou, CA",2017-08-13T12:41:00Z,2017-08-13,12
41.0,"Los Angeles, CA",2017-06-29T15:45:00Z,2017-06-29,15
41.0,"Kern, CA",2017-05-14T14:00:00Z,2017-05-14,14
40.0,"Riverside, CA",2017-12-04T12:26:00Z,2017-12-04,12
40.0,"Riverside, CA",2017-11-14T16:11:00Z,2017-11-14,16
40.0,"San Bernardino, CA",2017-10-24T10:27:00Z,2017-10-24,10
40.0,"Shasta, CA",2017-10-08T04:53:00Z,2017-10-08,04
40.0,"Kern, CA",2017-09-29T15:58:00Z,2017-09-29,15
40.0,"Del Norte, CA",2017-09-12T12:45:00Z,2017-09-12,12
40.0,"Humboldt, CA",2017-08-28T08:01:00Z,2017-08-28,08
40.0,"Tehama, CA",2017-08-26T15:03:00Z,2017-08-26,15
40.0,"Lake, CA",2017-07-17T14:44:00Z,2017-07-17,14
40.0,"Monterey, CA",2017-07-16T11:17:00Z,2017-07-16,11
39.0,"Tuolumne, CA",2017-09-19T00:22:00Z,2017-09-19,00
39.0,"Yuba, CA",2017-07-24T14:56:00Z,2017-07-24,14
39.0,"Solano, CA",2017-06-22T13:08:00Z,2017-06-22,13
38.0,"Marin, CA",2017-06-27T10:39:00Z,2017-06-27,10
38.0,"Tuolumne, CA",2017-06-11T18:49:00Z,2017-06-11,18
37.0,"Shasta, CA",2017-10-31T11:22:00Z,2017-10-31,11
36.0,"Mariposa, CA",2017-07-07T15:50:00Z,2017-07-07,15
36.0,"San Diego, CA",2017-06-25T12:09:00Z,2017-06-25,12
35.0,"Riverside, CA",2017-09-29T18:01:00Z,2017-09-29,18
35.0,"Marin, CA",2017-07-12T16:15:00Z,2017-07-12,16
35.0,"Riverside, CA",2017-07-04T15:20:00Z,2017-07-04,15
35.0,"Sacramento, CA",2017-06-27T07:39:00Z,2017-06-27,07
35.0,"Kern, CA",2017-06-09T04:53:00Z,2017-06-09,04
35.0,"Riverside, CA",2017-05-21T16:12:00Z,2017-05-21,16
34.0,"San Bernardino, CA",2017-12-05T13:28:00Z,2017-12-05,13
34.0,"Riverside, CA",2017-09-10T13:49:00Z,2017-09-10,13
34.0,"Humboldt, CA",2017-08-31T13:57:00Z,2017-08-31,13
34.0,"San Benito, CA",2017-07-04T13:21:00Z,2017-07-04,13
33.0,"Riverside, CA",2017-07-07T12:56:00Z,2017-07-07,12
33.0,"Riverside, CA",2017-06-13T12:00:00Z,2017-06-13,12
33.0,"Kern, CA",2017-06-04T22:11:00Z,2017-06-04,22
32.0,"Trinity, CA",2017-08-02T11:13:00Z,2017-08-02,11
32.0,"Trinity, CA",2017-08-02T08:30:00Z,2017-08-02,08
32.0,"Riverside, CA",2017-07-13T10:28:00Z,2017-07-13,10
32.0,"Monterey, CA",2017-06-16T15:49:00Z,2017-06-16,15
32.0,"Monterey, CA",2017-06-11T18:12:00Z,2017-06-11,18
31.0,"Monterey, CA",2017-10-15T14:55:00Z,2017-10-15,14
31.0,"Fresno, CA",2017-08-23T13:28:00Z,2017-08-23,13
31.0,"Kern, CA",2017-05-12T05:05:00Z,2017-05-12,05
30.0,"Los Angeles, CA",2017-08-31T16:32:00Z,2017-08-31,16
30.0,"Humboldt, CA",2017-08-03T16:41:00Z,2017-08-03,16
30.0,"Riverside, CA",2017-07-03T19:31:00Z,2017-07-03,19
29.0,"El Dorado, CA",2017-10-10T15:36:00Z,2017-10-10,15
29.0,"Tehama, CA",2017-07-08T18:58:00Z,2017-07-08,18
28.0,"Butte, CA",2017-09-25T11:03:00Z,2017-09-25,11
28.0,"Modoc, CA",2017-08-30T11:38:00Z,2017-08-30,11
28.0,"Del Norte, CA",2017-06-26T21:30:00Z,2017-06-26,21
28.0,"Riverside, CA",2017-06-15T15:51:00Z,2017-06-15,15
27.0,"Modoc, CA",2017-08-30T14:50:00Z,2017-08-30,14
27.0,"Riverside, CA",2017-06-03T12:09:00Z,2017-06-03,12
26.0,"Yuba, CA",2017-09-26T15:20:00Z,2017-09-26,15
26.0,"Riverside, CA",2017-06-18T16:03:00Z,2017-06-18,16
26.0,"Riverside, CA",2017-06-01T16:12:00Z,2017-06-01,16
25.0,"San Diego, CA",2017-10-15T14:05:00Z,2017-10-15,14
25.0,"San Luis Obispo, CA",2017-09-23T15:40:00Z,2017-09-23,15
25.0,"San Diego, CA",2017-09-07T15:41:00Z,2017-09-07,15
25.0,"Shasta, CA",2017-09-01T11:21:00Z,2017-09-01,11
25.0,"San Diego, CA",2017-06-27T09:38:00Z,2017-06-27,09
25.0,"Madera, CA",2017-06-18T14:04:00Z,2017-06-18,14
25.0,"Los Angeles, CA",2017-06-03T15:39:00Z,2017-06-03,15
25.0,"San Diego, CA",2017-05-24T15:30:00Z,2017-05-24,15
23.0,"Riverside, CA",2017-10-10T14:57:00Z,2017-10-10,14
22.0,"Alameda, CA",2017-09-26T12:22:00Z,2017-09-26,12
22.0,"Calaveras, CA",2017-07-05T16:56:00Z,2017-07-05,16
22.0,"Napa, CA",2017-06-13T10:18:00Z,2017-06-13,10
21.0,"San Luis Obispo, CA",2017-10-20T12:13:00Z,2017-10-20,12
21.0,"Lake, CA",2017-09-05T14:55:00Z,2017-09-05,14
21.0,"Tulare, CA",2017-07-05T08:24:00Z,2017-07-05,08
21.0,"Butte, CA",2017-06-22T09:49:00Z,2017-06-22,09
21.0,"Shasta, CA",2017-06-13T12:47:00Z,2017-06-13,12
21.0,"San Benito, CA",2017-05-22T04:50:00Z,2017-05-22,04
20.0,"Humboldt, CA",2017-10-08T16:40:00Z,2017-10-08,16
20.0,"Sonoma, CA",2017-10-07T20:00:00Z,2017-10-07,20
20.0,"Tehama, CA",2017-10-03T16:22:00Z,2017-10-03,16
20.0,"Tuolumne, CA",2017-08-01T16:33:00Z,2017-08-01,16
20.0,"San Bernardino, CA",2017-07-22T15:49:00Z,2017-07-22,15
20.0,"Mendocino, CA",2017-07-17T12:37:00Z,2017-07-17,12
20.0,"Riverside, CA",2017-06-13T17:21:00Z,2017-06-13,17
20.0,"Contra Costa, CA",2017-06-05T13:17:00Z,2017-06-05,13
20.0,"Kings, CA",2017-05-18T12:54:00Z,2017-05-18,12
20.0,"Monterey, CA",2017-05-14T12:00:00Z,2017-05-14,12
19.0,"Riverside, CA",2017-12-13T15:27:00Z,2017-12-13,15
19.0,"Riverside, CA",2017-08-13T13:34:00Z,2017-08-13,13
19.0,"Humboldt, CA",2017-08-01T10:23:00Z,2017-08-01,10
19.0,"Stanislaus, CA",2017-07-18T22:39:00Z,2017-07-18,22
19.0,"Siskiyou, CA",2017-06-26T12:30:00Z,2017-06-26,12
19.0,"Kern, CA",2017-05-01T12:44:00Z,2017-05-01,12
18.0,"Sonoma, CA",2017-08-27T13:30:00Z,2017-08-27,13
18.0,"Butte, CA",2017-07-04T15:45:00Z,2017-07-04,15
18.0,"Fresno, CA",2017-05-28T16:16:00Z,2017-05-28,16
18.0,"Monterey, CA",2017-05-16T16:10:00Z,2017-05-16,16
17.0,"Mariposa, CA",2017-10-03T11:44:00Z,2017-10-03,11
17.0,"Shasta, CA",2017-08-17T14:15:00Z,2017-08-17,14
17.0,"Shasta, CA",2017-07-29T17:29:00Z,2017-07-29,17
17.0,"San Luis Obispo, CA",2017-05-20T13:11:00Z,2017-05-20,13
17.0,"Monterey, CA",2017-05-17T15:18:00Z,2017-05-17,15
17.0,"Riverside, CA",2017-05-14T12:51:00Z,2017-05-14,12
16.0,"Kern, CA",2017-06-02T18:55:00Z,2017-06-02,18
16.0,"San Bernardino, CA",2017-05-29T01:20:00Z,2017-05-29,01
16.0,"Fresno, CA",2017-05-28T07:49:00Z,2017-05-28,07
15.0,"Tehama, CA",2017-08-10T17:24:00Z,2017-08-10,17
15.0,"Modoc, CA",2017-07-17T13:38:00Z,2017-07-17,13
15.0,"Monterey, CA",2017-06-28T09:30:00Z,2017-06-28,09
15.0,"Calaveras, CA",2017-05-28T15:30:00Z,2017-05-28,15
15.0,"Riverside, CA",2017-04-13T02:30:00Z,2017-04-13,02
14.0,"Santa Barbara, CA",2017-12-16T12:21:00Z,2017-12-16,12
14.0,"Santa Barbara, CA",2017-12-14T12:59:00Z,2017-12-14,12
14.0,"Butte, CA",2017-07-02T13:43:00Z,2017-07-02,13
14.0,"Monterey, CA",2017-06-09T16:15:00Z,2017-06-09,16
14.0,"Riverside, CA",2017-05-18T17:25:00Z,2017-05-18,17
13.0,"Stanislaus, CA",2017-10-18T12:53:00Z,2017-10-18,12
13.0,"El Dorado, CA",2017-07-25T14:13:00Z,2017-07-25,14
13.0,"El Dorado, CA",2017-07-12T13:51:00Z,2017-07-12,13
13.0,"San Bernardino, CA",2017-07-04T13:15:00Z,2017-07-04,13
12.0,"Butte, CA",2017-09-12T17:24:00Z,2017-09-12,17
12.0,"San Diego, CA",2017-06-04T11:04:00Z,2017-06-04,11
12.0,"San Luis Obispo, CA",2017-05-07T16:41:00Z,2017-05-07,16
12.0,"Riverside, CA",2017-04-30T19:43:00Z,2017-04-30,19
12.0,"Merced, CA",1969-12-31T16:00:00Z,1969-12-31,16
11.0,"Sonoma, CA",2017-07-31T23:17:00Z,2017-07-31,23
11.0,"Riverside, CA",2017-07-02T13:04:00Z,2017-07-02,13
10.0,"Tehama, CA",2017-10-08T12:15:00Z,2017-10-08,12
10.0,"Mariposa, CA",2017-09-20T14:53:00Z,2017-09-20,14
10.0,"Fresno, CA",2017-09-11T10:00:00Z,2017-09-11,10
10.0,"Amador, CA",2017-08-28T17:06:00Z,2017-08-28,17
10.0,"Los Angeles, CA",2017-08-03T16:21:00Z,2017-08-03,16
10.0,"Shasta, CA",2017-07-15T18:10:00Z,2017-07-15,18
10.0,"Riverside, CA",2017-07-13T14:14:00Z,2017-07-13,14
10.0,"Butte, CA",2017-07-12T13:55:00Z,2017-07-12,13
10.0,"Riverside, CA",2017-07-03T13:34:00Z,2017-07-03,13
10.0,"Riverside, CA",2017-06-18T12:28:00Z,2017-06-18,12
10.0,"Riverside, CA",2017-06-16T14:51:00Z,2017-06-16,14
10.0,"Kern, CA",2017-06-05T14:02:00Z,2017-06-05,14
10.0,"Riverside, CA",2017-06-04T16:48:00Z,2017-06-04,16
10.0,"Yuba, CA",2017-05-29T15:31:00Z,2017-05-29,15
10.0,"Kern, CA",2017-05-28T10:59:00Z,2017-05-28,10
10.0,"Riverside, CA",2017-05-23T13:13:00Z,2017-05-23,13
10.0,"Monterey, CA",2017-04-24T12:06:00Z,2017-04-24,12
0.0,"Sonoma, CA",2017-10-09T01:30:00Z,2017-10-09,01
0.0,"Napa, CA",2017-10-08T23:48:00Z,2017-10-08,23
0.0,"Mariposa, CA",2017-09-07T15:00:00Z,2017-09-07,15
0.0,"Siskiyou, CA",2017-07-25T12:45:00Z,2017-07-25,12
0.0,"Modoc, CA",2017-07-23T00:00:00Z,2017-07-23,00
0.0,"Glenn, CA",2017-07-19T17:30:00Z,2017-07-19,17
0.0,"Lassen, CA",2017-07-06T13:00:00Z,2017-07-06,13
0.0,"Siskiyou, CA",2017-07-04T15:21:00Z,2017-07-04,15
0.0,"San Diego, CA",2017-06-28T17:56:00Z,2017-06-28,17
0.0,"Siskiyou, CA",2017-06-25T17:00:00Z,2017-06-25,17
0.0,"Tulare, CA",2017-06-23T22:32:00Z,2017-06-23,22
0.0,"San Luis Obispo, CA",2017-05-19T13:10:00Z,2017-05-19,13
0.0,"Butte, CA",2017-02-07T14:00:00Z,2017-02-07,14
410203.0,"Colusa, CA",2018-07-27T12:05:00Z,2018-07-27,12
410203.0,"Glenn, CA",2018-07-27T12:05:00Z,2018-07-27,12
410203.0,"Lake, CA",2018-07-27T12:05:00Z,2018-07-27,12
410203.0,"Mendocino, CA",2018-07-27T12:05:00Z,2018-07-27,12
229651.0,"Shasta, CA",2018-07-23T13:15:00Z,2018-07-23,13
229651.0,"Trinity, CA",2018-07-23T13:15:00Z,2018-07-23,13
153336.0,"Butte, CA",2018-11-08T06:33:00Z,2018-11-08,06
96949.0,"Los Angeles, CA",2018-11-08T14:24:00Z,2018-11-08,14
96949.0,"Ventura, CA",2018-11-08T14:24:00Z,2018-11-08,14
96901.0,"Mariposa, CA",2018-07-13T21:36:00Z,2018-07-13,21
90288.0,"Napa, CA",2018-06-30T14:12:00Z,2018-06-30,14
90288.0,"Yolo, CA",2018-06-30T14:12:00Z,2018-06-30,14
63311.0,"Shasta, CA",2018-09-05T12:51:00Z,2018-09-05,12
63311.0,"Trinity, CA",2018-09-05T12:51:00Z,2018-09-05,12
48920.0,"Colusa, CA",2018-07-27T13:01:00Z,2018-07-27,13
48920.0,"Lake, CA",2018-07-27T13:01:00Z,2018-07-27,13
48920.0,"Mendocino, CA",2018-07-27T13:01:00Z,2018-07-27,13
46150.0,"Shasta, CA",2018-08-09T01:55:00Z,2018-08-09,01
39387.0,"Modoc, CA",2018-08-15T18:05:00Z,2018-08-15,18
38008.0,"Siskiyou, CA",2018-07-05T12:31:00Z,2018-07-05,12
36450.0,"Tuolumne, CA",2018-08-01T17:48:00Z,2018-08-01,17
23136.0,"Orange, CA",2018-08-06T13:20:00Z,2018-08-06,13
18703.0,"Lassen, CA",2018-07-27T13:32:00Z,2018-07-27,13
15185.0,"Lake, CA",2018-06-23T17:21:00Z,2018-06-23,17
13139.0,"Riverside, CA",2018-07-25T11:41:00Z,2018-07-25,11
12300.0,"San Joaquin, CA",2018-06-29T15:11:00Z,2018-06-29,15
6974.0,"Mono, CA",2018-09-04T14:26:00Z,2018-09-04,14
4564.0,"Merced, CA",2018-06-15T10:34:00Z,2018-06-15,10
4531.0,"Ventura, CA",2018-11-08T14:03:00Z,2018-11-08,14
4500.0,"Solano, CA",2018-10-07T13:00:00Z,2018-10-07,13
4064.0,"Madera, CA",2018-06-11T12:00:00Z,2018-06-11,12
3889.0,"Tehama, CA",2018-10-07T12:51:00Z,2018-10-07,12
3716.0,"Tehama, CA",2018-06-23T11:38:00Z,2018-06-23,11
3674.0,"Humboldt, CA",2018-08-16T09:18:00Z,2018-08-16,09
3380.0,"Los Angeles, CA",2018-09-22T14:30:00Z,2018-09-22,14
2995.0,"Kings, CA",2018-08-06T17:29:00Z,2018-08-06,17
2956.0,"Tehama, CA",2018-06-09T14:10:00Z,2018-06-09,14
2950.0,"Kern, CA",2018-08-03T14:48:00Z,2018-08-03,14
2883.0,"Inyo, CA",2018-07-08T13:36:00Z,2018-07-08,13
2490.0,"Napa, CA",2018-09-08T14:29:00Z,2018-09-08,14
2290.0,"Glenn, CA",2018-06-09T15:32:00Z,2018-06-09,15
2225.0,"Monterey, CA",2018-08-06T12:59:00Z,2018-08-06,12
2162.0,"Solano, CA",2018-08-10T16:57:00Z,2018-08-10,16
2100.0,"Modoc, CA",2018-07-13T22:03:00Z,2018-07-13,22
2070.0,"Inyo, CA",2018-02-18T14:12:00Z,2018-02-18,14
1900.0,"Shasta, CA",2018-08-09T14:34:00Z,2018-08-09,14
1756.0,"Merced, CA",2018-05-02T16:00:00Z,2018-05-02,16
1751.0,"Trinity, CA",2018-09-04T15:20:00Z,2018-09-04,15
1678.0,"Shasta, CA",2018-06-24T12:29:00Z,2018-06-24,12
1500.0,"Solano, CA",2018-11-08T13:28:00Z,2018-11-08,13
1500.0,"San Luis Obispo, CA",2018-06-20T18:22:00Z,2018-06-20,18
1352.0,"Los Angeles, CA",2018-06-04T12:40:00Z,2018-06-04,12
1350.0,"San Bernardino, CA",2018-07-06T13:29:00Z,2018-07-06,13
1314.0,"San Benito, CA",2018-06-04T17:01:00Z,2018-06-04,17
1265.0,"Inyo, CA",2018-04-19T10:28:00Z,2018-04-19,10
1261.0,"Riverside, CA",2018-05-17T14:19:00Z,2018-05-17,14
1120.0,"Placer, CA",2018-09-03T16:38:00Z,2018-09-03,16
1014.0,"Santa Barbara, CA",2018-08-19T13:37:00Z,2018-08-19,13
993.0,"Kern, CA",2018-07-27T16:12:00Z,2018-07-27,16
972.0,"Mendocino, CA",2018-07-31T15:28:00Z,2018-07-31,15
962.0,"Butte, CA",2018-07-12T22:45:00Z,2018-07-12,22
856.0,"Tehama, CA",2018-07-09T18:30:00Z,2018-07-09,18
825.0,"Amador, CA",2018-07-06T14:42:00Z,2018-07-06,14
822.0,"Yolo, CA",2018-07-18T14:24:00Z,2018-07-18,14
700.0,"Placer, CA",2018-08-01T13:11:00Z,2018-08-01,13
668.0,"Tulare, CA",2018-08-15T17:14:00Z,2018-08-15,17
650.0,"Monterey, CA",2018-08-11T14:12:00Z,2018-08-11,14
646.0,"Lassen, CA",2018-06-14T17:45:00Z,2018-06-14,17
640.0,"Alameda, CA",2018-07-08T17:38:00Z,2018-07-08,17
573.0,"Tuolumne, CA",2018-09-08T13:34:00Z,2018-09-08,13
550.0,"Butte, CA",2018-10-30T14:46:00Z,2018-10-30,14
513.0,"San Benito, CA",2018-06-04T17:30:00Z,2018-06-04,17
504.0,"San Diego, CA",2018-07-06T23:39:00Z,2018-07-06,23
484.0,"Alameda, CA",2018-05-30T13:21:00Z,2018-05-30,13
441.0,"Lassen, CA",2018-06-27T15:09:00Z,2018-06-27,15
400.0,"Monterey, CA",2018-09-13T15:37:00Z,2018-09-13,15
375.0,"Monterey, CA",2018-06-26T07:11:00Z,2018-06-26,07
367.0,"Kern, CA",2018-08-18T15:17:00Z,2018-08-18,15
365.0,"San Diego, CA",2018-07-27T13:28:00Z,2018-07-27,13
360.0,"Madera, CA",2018-09-22T15:44:00Z,2018-09-22,15
347.0,"Butte, CA",2018-06-26T12:56:00Z,2018-06-26,12
338.0,"Inyo, CA",2018-07-31T15:07:00Z,2018-07-31,15
328.0,"Shasta, CA",2018-06-23T12:54:00Z,2018-06-23,12
320.0,"Santa Clara, CA",2018-07-22T13:06:00Z,2018-07-22,13
316.0,"El Dorado, CA",2018-07-04T17:09:00Z,2018-07-04,17
300.0,"Trinity, CA",2018-06-28T18:01:00Z,2018-06-28,18
300.0,"Madera, CA",2018-06-04T17:44:00Z,2018-06-04,17
300.0,"San Diego, CA",2018-05-04T11:44:00Z,2018-05-04,11
293.0,"Kern, CA",2018-05-16T16:30:00Z,2018-05-16,16
290.0,"Calaveras, CA",2018-08-06T16:26:00Z,2018-08-06,16
289.0,"Madera, CA",2018-08-23T15:40:00Z,2018-08-23,15
282.0,"Riverside, CA",2018-07-19T17:22:00Z,2018-07-19,17
278.0,"San Benito, CA",2018-07-11T16:40:00Z,2018-07-11,16
268.0,"Contra Costa, CA",2018-06-29T16:06:00Z,2018-06-29,16
268.0,"Tehama, CA",2018-06-23T12:52:00Z,2018-06-23,12
265.0,"San Diego, CA",2018-06-06T09:46:00Z,2018-06-06,09
261.0,"Tehama, CA",2018-09-28T13:08:00Z,2018-09-28,13
260.0,"San Luis Obispo, CA",2018-06-26T11:16:00Z,2018-06-26,11
258.0,"Santa Barbara, CA",2018-03-27T14:45:00Z,2018-03-27,14
250.0,"San Diego, CA",2018-08-09T13:09:00Z,2018-08-09,13
247.0,"Contra Costa, CA",2018-07-25T14:41:00Z,2018-07-25,14
224.0,"Siskiyou, CA",2018-07-15T09:58:00Z,2018-07-15,09
215.0,"Siskiyou, CA",2018-07-01T18:13:00Z,2018-07-01,18
215.0,"San Benito, CA",2018-06-12T15:06:00Z,2018-06-12,15
207.0,"San Diego, CA",2018-07-28T15:14:00Z,2018-07-28,15
205.0,"Riverside, CA",2018-07-26T10:12:00Z,2018-07-26,10
200.0,"Kern, CA",2018-09-12T11:25:00Z,2018-09-12,11
200.0,"Merced, CA",2018-06-07T18:04:00Z,2018-06-07,18
191.0,"Butte, CA",2018-07-04T13:30:00Z,2018-07-04,13
186.0,"Ventura, CA",2018-11-12T10:06:00Z,2018-11-12,10
185.0,"Merced, CA",2018-06-17T15:09:00Z,2018-06-17,15
175.0,"Los Angeles, CA",2018-06-09T14:45:00Z,2018-06-09,14
175.0,"Orange, CA",2018-06-02T13:07:00Z,2018-06-02,13
172.0,"Santa Barbara, CA",2018-09-01T14:22:00Z,2018-09-01,14
170.0,"Tehama, CA",2018-06-23T13:15:00Z,2018-06-23,13
167.0,"Monterey, CA",2018-10-13T14:43:00Z,2018-10-13,14
167.0,"Lassen, CA",2018-07-24T16:02:00Z,2018-07-24,16
166.0,"Los Angeles, CA",2018-09-09T12:10:00Z,2018-09-09,12
163.0,"Tuolumne, CA",2018-06-24T13:54:00Z,2018-06-24,13
160.0,"Solano, CA",2018-10-12T11:21:00Z,2018-10-12,11
155.0,"Shasta, CA",2018-08-19T07:32:00Z,2018-08-19,07
155.0,"Orange, CA",2018-06-11T17:04:00Z,2018-06-11,17
154.0,"Riverside, CA",2018-06-12T14:22:00Z,2018-06-12,14
152.0,"Marin, CA",2018-09-10T19:00:00Z,2018-09-10,19
150.0,"Ventura, CA",2018-11-15T01:39:00Z,2018-11-15,01
150.0,"Monterey, CA",2018-10-02T12:32:00Z,2018-10-02,12
150.0,"El Dorado, CA",2018-09-04T15:03:00Z,2018-09-04,15
147.0,"San Bernardino, CA",2018-11-13T08:19:00Z,2018-11-13,08
136.0,"Calaveras, CA",2018-08-05T04:19:00Z,2018-08-05,04
135.0,"Napa, CA",2018-07-28T16:30:00Z,2018-07-28,16
128.0,"Los Angeles, CA",2018-07-23T12:55:00Z,2018-07-23,12
127.0,"Glenn, CA",2018-06-01T15:20:00Z,2018-06-01,15
127.0,"Siskiyou, CA",2018-05-09T18:11:00Z,2018-05-09,18
125.0,"San Bernardino, CA",2018-08-31T17:58:00Z,2018-08-31,17
120.0,"Tulare, CA",2018-10-24T12:18:00Z,2018-10-24,12
117.0,"Plumas, CA",2018-08-07T02:11:00Z,2018-08-07,02
116.0,"San Benito, CA",2018-07-12T12:57:00Z,2018-07-12,12
116.0,"Santa Clara, CA",2018-07-06T10:40:00Z,2018-07-06,10
115.0,"Mariposa, CA",2018-06-18T12:30:00Z,2018-06-18,12
114.0,"Kern, CA",2018-08-16T16:06:00Z,2018-08-16,16
113.0,"Santa Barbara, CA",2018-07-06T20:40:00Z,2018-07-06,20
110.0,"Santa Barbara, CA",2018-07-20T14:23:00Z,2018-07-20,14
108.0,"Fresno, CA",2018-05-26T14:52:00Z,2018-05-26,14
106.0,"Mendocino, CA",2018-08-01T15:53:00Z,2018-08-01,15
103.0,"Lake, CA",2018-08-26T18:04:00Z,2018-08-26,18
103.0,"Tehama, CA",2018-05-18T16:37:00Z,2018-05-18,16
100.0,"San Diego, CA",2018-08-13T14:58:00Z,2018-08-13,14
100.0,"Tulare, CA",2018-07-27T12:14:00Z,2018-07-27,12
100.0,"San Bernardino, CA",2018-07-06T09:36:00Z,2018-07-06,09
100.0,"San Luis Obispo, CA",2018-05-24T10:43:00Z,2018-05-24,10
96.0,"Monterey, CA",2018-06-09T15:31:00Z,2018-06-09,15
95.0,"Kern, CA",2018-06-29T17:53:00Z,2018-06-29,17
90.0,"Mendocino, CA",2018-07-05T15:12:00Z,2018-07-05,15
89.0,"Lassen, CA",2018-07-15T18:54:00Z,2018-07-15,18
88.0,"Lassen, CA",2018-11-08T11:25:00Z,2018-11-08,11
88.0,"Madera, CA",2018-08-27T23:19:00Z,2018-08-27,23
88.0,"Merced, CA",2018-05-20T13:07:00Z,2018-05-20,13
80.0,"San Luis Obispo, CA",2018-09-29T09:30:00Z,2018-09-29,09
80.0,"Lake, CA",2018-07-09T16:46:00Z,2018-07-09,16
80.0,"Calaveras, CA",2018-06-24T15:28:00Z,2018-06-24,15
77.0,"Santa Barbara, CA",2018-07-18T11:55:00Z,2018-07-18,11
76.0,"Shasta, CA",2018-09-28T14:44:00Z,2018-09-28,14
76.0,"Fresno, CA",2018-06-27T12:39:00Z,2018-06-27,12
75.0,"Colusa, CA",2018-07-04T13:14:00Z,2018-07-04,13
75.0,"Glenn, CA",2018-05-28T17:33:00Z,2018-05-28,17
73.0,"Riverside, CA",2018-04-28T14:26:00Z,2018-04-28,14
70.0,"Santa Clara, CA",2018-07-10T15:08:00Z,2018-07-10,15
70.0,"Santa Clara, CA",2018-06-29T20:59:00Z,2018-06-29,20
70.0,"Tehama, CA",2018-06-13T21:06:00Z,2018-06-13,21
70.0,"Riverside, CA",2018-05-04T14:48:00Z,2018-05-04,14
68.0,"Merced, CA",2018-06-24T16:11:00Z,2018-06-24,16
67.0,"El Dorado, CA",2018-08-01T13:57:00Z,2018-08-01,13
67.0,"Mendocino, CA",2018-07-21T16:22:00Z,2018-07-21,16
66.0,"El Dorado, CA",2018-08-01T14:40:00Z,2018-08-01,14
64.0,"San Benito, CA",2018-06-04T23:17:00Z,2018-06-04,23
63.0,"Santa Clara, CA",2018-10-07T12:57:00Z,2018-10-07,12
63.0,"Shasta, CA",2018-07-20T13:26:00Z,2018-07-20,13
63.0,"Riverside, CA",2018-07-04T14:20:00Z,2018-07-04,14
63.0,"Siskiyou, CA",2018-06-27T19:46:00Z,2018-06-27,19
63.0,"Stanislaus, CA",2018-05-29T12:58:00Z,2018-05-29,12
62.0,"Kern, CA",2018-07-08T13:38:00Z,2018-07-08,13
62.0,"Los Angeles, CA",2018-06-23T19:39:00Z,2018-06-23,19
62.0,"San Joaquin, CA",2018-06-11T12:16:00Z,2018-06-11,12
60.0,"Tehama, CA",2018-11-05T10:17:00Z,2018-11-05,10
60.0,"Lake, CA",2018-08-30T15:44:00Z,2018-08-30,15
60.0,"Madera, CA",2018-06-15T11:46:00Z,2018-06-15,11
60.0,"San Luis Obispo, CA",2018-06-14T17:23:00Z,2018-06-14,17
60.0,"San Luis Obispo, CA",2018-06-13T12:38:00Z,2018-06-13,12
60.0,"Santa Barbara, CA",2018-05-17T12:53:00Z,2018-05-17,12
59.0,"San Diego, CA",2018-05-22T14:13:00Z,2018-05-22,14
58.0,"San Luis Obispo, CA",2018-10-19T14:10:00Z,2018-10-19,14
56.0,"Lassen, CA",2018-07-15T11:55:00Z,2018-07-15,11
56.0,"Contra Costa, CA",2018-07-08T16:45:00Z,2018-07-08,16
56.0,"Madera, CA",2018-05-23T14:30:00Z,2018-05-23,14
53.0,"San Bernardino, CA",2018-09-26T10:56:00Z,2018-09-26,10
53.0,"Lassen, CA",2018-09-22T14:41:00Z,2018-09-22,14
53.0,"Mariposa, CA",2018-06-15T13:37:00Z,2018-06-15,13
52.0,"Modoc, CA",2018-07-14T20:46:00Z,2018-07-14,20
51.0,"San Luis Obispo, CA",2018-09-16T08:34:00Z,2018-09-16,08
51.0,"Shasta, CA",2018-07-24T15:24:00Z,2018-07-24,15
51.0,"Santa Clara, CA",2018-07-10T16:45:00Z,2018-07-10,16
50.0,"Lake, CA",2018-07-21T14:40:00Z,2018-07-21,14
50.0,"Tehama, CA",2018-07-15T17:15:00Z,2018-07-15,17
50.0,"Monterey, CA",2018-02-07T15:53:00Z,2018-02-07,15
48.0,"Alameda, CA",2018-08-26T14:23:00Z,2018-08-26,14
45.0,"Contra Costa, CA",2018-07-02T14:25:00Z,2018-07-02,14
45.0,"Marin, CA",1969-12-31T16:00:00Z,1969-12-31,16
43.0,"Butte, CA",2018-07-19T12:00:00Z,2018-07-19,12
40.0,"Riverside, CA",2018-07-23T14:55:00Z,2018-07-23,14
40.0,"Mariposa, CA",2018-07-19T13:07:00Z,2018-07-19,13
40.0,"Contra Costa, CA",2018-06-19T15:19:00Z,2018-06-19,15
40.0,"Butte, CA",2018-06-16T11:47:00Z,2018-06-16,11
39.0,"San Benito, CA",2018-07-25T14:11:00Z,2018-07-25,14
38.0,"Shasta, CA",2018-10-14T11:33:00Z,2018-10-14,11
38.0,"San Diego, CA",2018-06-03T16:16:00Z,2018-06-03,16
37.0,"San Luis Obispo, CA",2018-07-21T15:01:00Z,2018-07-21,15
37.0,"Siskiyou, CA",2018-06-03T16:14:00Z,2018-06-03,16
36.0,"Lake, CA",2018-09-02T14:02:00Z,2018-09-02,14
36.0,"Riverside, CA",2018-08-27T10:49:00Z,2018-08-27,10
35.0,"Mendocino, CA",2018-11-08T11:58:00Z,2018-11-08,11
35.0,"Riverside, CA",2018-08-06T14:19:00Z,2018-08-06,14
35.0,"Shasta, CA",2018-07-29T16:22:00Z,2018-07-29,16
35.0,"San Benito, CA",2018-06-03T15:09:00Z,2018-06-03,15
34.0,"Kern, CA",2018-08-17T18:47:00Z,2018-08-17,18
34.0,"Alameda, CA",2018-07-25T16:05:00Z,2018-07-25,16
34.0,"Tulare, CA",2018-07-19T16:25:00Z,2018-07-19,16
33.0,"Butte, CA",2018-09-24T00:41:00Z,2018-09-24,00
33.0,"Tehama, CA",2018-07-14T20:40:00Z,2018-07-14,20
33.0,"San Bernardino, CA",2018-06-30T12:12:00Z,2018-06-30,12
33.0,"Tulare, CA",2018-02-18T13:45:00Z,2018-02-18,13
32.0,"Fresno, CA",2018-10-02T15:45:00Z,2018-10-02,15
32.0,"Riverside, CA",2018-08-25T11:58:00Z,2018-08-25,11
32.0,"Lassen, CA",2018-07-15T16:45:00Z,2018-07-15,16
32.0,"Lake, CA",2018-06-16T14:04:00Z,2018-06-16,14
31.0,"Shasta, CA",2018-07-08T14:41:00Z,2018-07-08,14
30.0,"Santa Clara, CA",2018-09-23T16:23:00Z,2018-09-23,16
30.0,"Contra Costa, CA",2018-08-17T19:19:00Z,2018-08-17,19
30.0,"Alameda, CA",2018-08-04T17:32:00Z,2018-08-04,17
30.0,"Riverside, CA",2018-07-28T15:38:00Z,2018-07-28,15
30.0,"San Luis Obispo, CA",2018-07-21T15:50:00Z,2018-07-21,15
30.0,"Sacramento, CA",2018-06-29T15:46:00Z,2018-06-29,15
30.0,"Fresno, CA",2018-04-12T14:30:00Z,2018-04-12,14
28.0,"San Diego, CA",2018-07-17T14:05:00Z,2018-07-17,14
27.0,"Siskiyou, CA",2018-05-19T13:04:00Z,2018-05-19,13
26.0,"Tulare, CA",2018-05-18T11:00:00Z,2018-05-18,11
25.0,"Riverside, CA",2018-09-14T19:32:00Z,2018-09-14,19
25.0,"Contra Costa, CA",2018-06-16T15:10:00Z,2018-06-16,15
25.0,"San Luis Obispo, CA",2018-05-29T13:11:00Z,2018-05-29,13
24.0,"Lake, CA",2018-09-03T13:58:00Z,2018-09-03,13
23.0,"Riverside, CA",2018-08-22T13:45:00Z,2018-08-22,13
23.0,"Contra Costa, CA",2018-06-02T12:42:00Z,2018-06-02,12
23.0,"Tehama, CA",2018-06-01T16:07:00Z,2018-06-01,16
22.0,"Mariposa, CA",2018-08-04T13:57:00Z,2018-08-04,13
21.0,"Riverside, CA",2018-04-09T18:18:00Z,2018-04-09,18
20.0,"Contra Costa, CA",2018-11-15T13:31:00Z,2018-11-15,13
20.0,"Alameda, CA",2018-11-14T14:56:00Z,2018-11-14,14
20.0,"Santa Clara, CA",2018-07-25T16:14:00Z,2018-07-25,16
20.0,"Alameda, CA",2018-06-17T15:56:00Z,2018-06-17,15
20.0,"Riverside, CA",2018-06-14T17:02:00Z,2018-06-14,17
20.0,"Butte, CA",2018-06-14T15:18:00Z,2018-06-14,15
20.0,"Los Angeles, CA",2018-06-12T14:56:00Z,2018-06-12,14
20.0,"Plumas, CA",2018-04-26T15:00:00Z,2018-04-26,15
18.0,"San Diego, CA",2018-05-09T22:00:00Z,2018-05-09,22
18.0,"Riverside, CA",2018-04-22T13:35:00Z,2018-04-22,13
17.0,"Santa Cruz, CA",2018-11-03T21:28:00Z,2018-11-03,21
17.0,"Amador, CA",2018-06-17T13:58:00Z,2018-06-17,13
17.0,"Riverside, CA",2018-06-03T14:17:00Z,2018-06-03,14
16.0,"Humboldt, CA",2018-07-15T16:14:00Z,2018-07-15,16
16.0,"Santa Clara, CA",2018-05-27T17:05:00Z,2018-05-27,17
15.0,"Siskiyou, CA",2018-10-10T21:50:00Z,2018-10-10,21
15.0,"Modoc, CA",2018-09-02T14:53:00Z,2018-09-02,14
15.0,"Riverside, CA",2018-05-04T18:53:00Z,2018-05-04,18
15.0,"Riverside, CA",2018-04-15T04:38:00Z,2018-04-15,04
14.0,"San Diego, CA",2018-08-06T10:31:00Z,2018-08-06,10
14.0,"San Luis Obispo, CA",2018-07-17T11:13:00Z,2018-07-17,11
14.0,"Lassen, CA",2018-07-14T15:00:00Z,2018-07-14,15
14.0,"Yolo, CA",2018-06-01T13:31:00Z,2018-06-01,13
13.0,"Shasta, CA",2018-09-04T14:43:00Z,2018-09-04,14
13.0,"San Diego, CA",2018-07-20T13:07:00Z,2018-07-20,13
13.0,"Fresno, CA",2018-06-02T09:55:00Z,2018-06-02,09
12.0,"Shasta, CA",2018-10-14T06:45:00Z,2018-10-14,06
12.0,"El Dorado, CA",2018-09-20T12:39:00Z,2018-09-20,12
12.0,"San Bernardino, CA",2018-07-13T14:32:00Z,2018-07-13,14
12.0,"Madera, CA",2018-07-10T17:31:00Z,2018-07-10,17
12.0,"Marin, CA",2018-06-09T15:30:00Z,2018-06-09,15
12.0,"San Diego, CA",2018-06-05T13:45:00Z,2018-06-05,13
12.0,"Siskiyou, CA",2018-06-04T15:08:00Z,2018-06-04,15
12.0,"San Luis Obispo, CA",2018-06-03T16:11:00Z,2018-06-03,16
12.0,"Napa, CA",2018-05-21T11:56:00Z,2018-05-21,11
12.0,"Alameda, CA",2018-05-14T13:06:00Z,2018-05-14,13
12.0,"San Diego, CA",2018-05-10T20:41:00Z,2018-05-10,20
11.0,"Butte, CA",2018-07-10T12:42:00Z,2018-07-10,12
11.0,"Madera, CA",2018-07-09T17:54:00Z,2018-07-09,17
11.0,"Riverside, CA",2018-06-03T13:38:00Z,2018-06-03,13
11.0,"Shasta, CA",2018-03-27T16:20:00Z,2018-03-27,16
10.0,"Santa Cruz, CA",2018-11-16T11:01:00Z,2018-11-16,11
10.0,"Humboldt, CA",2018-11-12T17:39:00Z,2018-11-12,17
10.0,"Butte, CA",2018-10-15T11:57:00Z,2018-10-15,11
10.0,"Riverside, CA",2018-08-19T15:55:00Z,2018-08-19,15
10.0,"Napa, CA",2018-08-09T14:21:00Z,2018-08-09,14
10.0,"Siskiyou, CA",2018-07-17T19:03:00Z,2018-07-17,19
10.0,"San Diego, CA",2018-07-06T10:11:00Z,2018-07-06,10
10.0,"Butte, CA",2018-06-29T11:44:00Z,2018-06-29,11
10.0,"San Luis Obispo, CA",2018-06-21T16:45:00Z,2018-06-21,16
10.0,"Monterey, CA",2018-06-19T16:06:00Z,2018-06-19,16
10.0,"Sonoma, CA",2018-06-05T13:03:00Z,2018-06-05,13
10.0,"San Diego, CA",2018-06-03T18:23:00Z,2018-06-03,18
10.0,"Tehama, CA",2018-06-03T08:55:00Z,2018-06-03,08
10.0,"Riverside, CA",2018-06-02T15:53:00Z,2018-06-02,15
10.0,"Riverside, CA",2018-05-28T07:23:00Z,2018-05-28,07
0.0,"Butte, CA",2018-11-29T23:30:00Z,2018-11-29,23
0.0,"Humboldt, CA",2018-04-24T16:59:00Z,2018-04-24,16
0.0,"Santa Barbara, CA",2018-01-09T04:00:00Z,2018-01-09,04
0.0,"Ventura, CA",2018-01-09T04:00:00Z,2018-01-09,04
1806.0,"Ventura, CA",2019-10-30T07:45:14Z,2019-10-30,07
1300.0,"Mariposa, CA",2019-08-16T14:11:02Z,2019-08-16,14
1011.0,"Riverside, CA",2019-10-10T15:38:44Z,2019-10-10,15
605.0,"Tehama, CA",2019-10-27T02:47:20Z,2019-10-27,02
494.0,"Riverside, CA",2019-10-30T11:19:00Z,2019-10-30,11
355.0,"Placer, CA",2019-11-25T12:39:44Z,2019-11-25,12
289.0,"Monterey, CA",2019-10-09T06:52:14Z,2019-10-09,06
289.0,"San Luis Obispo, CA",2019-10-09T06:52:14Z,2019-10-09,06
149.0,"Mariposa, CA",2019-07-21T12:01:40Z,2019-07-21,12
137.0,"Fresno, CA",2019-10-18T12:17:32Z,2019-10-18,12
107.0,"Lassen, CA",2019-08-07T18:48:57Z,2019-08-07,18
75.0,"Riverside, CA",2019-10-10T18:36:46Z,2019-10-10,18
40.0,"Contra Costa, CA",2019-10-10T06:42:19Z,2019-10-10,06
37.0,"San Diego, CA",2019-10-25T15:05:52Z,2019-10-25,15
35.0,"Alameda, CA",2019-10-24T23:16:18Z,2019-10-24,23
35.0,"Stanislaus, CA",2019-07-18T09:07:57Z,2019-07-18,09
30.0,"Shasta, CA",2019-07-12T19:08:54Z,2019-07-12,19
27.0,"Calaveras, CA",2019-07-18T18:31:00Z,2019-07-18,18
26.0,"San Bernardino, CA",2019-08-03T17:22:51Z,2019-08-03,17
25.0,"San Diego, CA",2019-07-17T17:42:04Z,2019-07-17,17
22.0,"El Dorado, CA",2019-09-29T21:44:45Z,2019-09-29,21
22.0,"Alameda, CA",2019-07-12T18:40:09Z,2019-07-12,18
15.0,"Contra Costa, CA",2019-10-15T16:17:18Z,2019-10-15,16
12.0,"Riverside, CA",2019-08-27T11:33:56Z,2019-08-27,11
10.0,"Mendocino, CA",2019-10-04T18:38:09Z,2019-10-04,18
10.0,"Santa Cruz, CA",2019-09-03T15:36:45Z,2019-09-03,15
77758.0,"Sonoma, CA",2019-10-23T21:27:00Z,2019-10-23,21
54612.0,"Plumas, CA",2019-09-04T15:17:31Z,2019-09-04,15
14217.0,"Modoc, CA",2019-07-28T15:58:00Z,2019-07-28,15
10296.0,"Inyo, CA",2019-09-06T12:43:35Z,2019-09-06,12
9999.0,"Ventura, CA",2019-10-31T20:58:28Z,2019-10-31,20
8838.0,"Tehama, CA",2019-09-05T13:19:56Z,2019-09-05,13
8799.0,"Los Angeles, CA",2019-10-10T21:02:00Z,2019-10-10,21
5737.0,"Modoc, CA",2019-09-06T11:34:27Z,2019-09-06,11
5563.0,"Mariposa, CA",2019-10-06T16:15:12Z,2019-10-06,16
5332.0,"Tehama, CA",2019-09-05T19:59:46Z,2019-09-05,19
4840.0,"Mono, CA",2019-09-06T11:24:11Z,2019-09-06,11
4615.0,"Los Angeles, CA",2019-10-24T14:51:46Z,2019-10-24,14
3435.0,"El Dorado, CA",2019-10-11T12:47:59Z,2019-10-11,12
3380.0,"Lassen, CA",2019-08-28T19:48:14Z,2019-08-28,19
3126.0,"Santa Barbara, CA",2019-11-25T19:59:12Z,2019-11-25,19
2546.0,"Monterey, CA",2019-06-26T09:18:22Z,2019-06-26,09
2534.0,"Tehama, CA",2019-11-03T14:16:17Z,2019-11-03,14
2512.0,"Yolo, CA",2019-06-08T14:50:00Z,2019-06-08,14
2500.0,"Kern, CA",2019-05-07T15:47:00Z,2019-05-07,15
2438.0,"Lassen, CA",2019-08-24T17:25:04Z,2019-08-24,17
2422.0,"Stanislaus, CA",2019-06-26T08:54:24Z,2019-06-26,08
1975.0,"Inyo, CA",2019-09-06T12:23:00Z,2019-09-06,12
1926.0,"Riverside, CA",2019-09-04T16:43:36Z,2019-09-04,16
1872.0,"Siskiyou, CA",2019-09-07T08:36:32Z,2019-09-07,08
1764.0,"San Luis Obispo, CA",2019-06-12T12:48:00Z,2019-06-12,12
1127.0,"San Luis Obispo, CA",2019-06-05T10:49:00Z,2019-06-05,10
1020.0,"Lassen, CA",2019-08-08T18:42:41Z,2019-08-08,18
974.0,"San Luis Obispo, CA",2019-07-08T16:44:08Z,2019-07-08,16
835.0,"San Luis Obispo, CA",2019-05-29T17:10:00Z,2019-05-29,17
757.0,"Contra Costa, CA",2019-08-03T03:16:00Z,2019-08-03,03
756.0,"Tulare, CA",2019-08-31T15:31:59Z,2019-08-31,15
745.0,"Los Angeles, CA",2019-10-28T06:46:55Z,2019-10-28,06
703.0,"Mendocino, CA",2019-10-27T14:54:40Z,2019-10-27,14
604.0,"Placer, CA",2019-09-20T15:02:08Z,2019-09-20,15
600.0,"Shasta, CA",2019-08-22T11:02:09Z,2019-08-22,11
600.0,"Stanislaus, CA",2019-06-07T16:55:00Z,2019-06-07,16
526.0,"Napa, CA",2019-10-06T16:36:50Z,2019-10-06,16
525.0,"Riverside, CA",2019-06-21T13:02:00Z,2019-06-21,13
520.0,"Riverside, CA",2019-09-14T17:53:00Z,2019-09-14,17
496.0,"Butte, CA",2019-09-07T15:06:00Z,2019-09-07,15
448.0,"San Diego, CA",2019-08-01T14:53:15Z,2019-08-01,14
448.0,"Kern, CA",2019-07-31T17:13:53Z,2019-07-31,17
423.0,"Mariposa, CA",2019-08-15T15:15:56Z,2019-08-15,15
420.0,"Santa Barbara, CA",2019-10-17T16:31:00Z,2019-10-17,16
381.0,"Tulare, CA",2019-09-06T12:39:18Z,2019-09-06,12
350.0,"Riverside, CA",2019-10-10T14:18:17Z,2019-10-10,14
328.0,"Riverside, CA",2019-10-31T06:22:34Z,2019-10-31,06
316.0,"Monterey, CA",2019-07-29T15:43:48Z,2019-07-29,15
300.0,"Butte, CA",2019-09-28T17:48:10Z,2019-09-28,17
283.0,"San Joaquin, CA",2019-07-03T15:34:12Z,2019-07-03,15
280.0,"Trinity, CA",2019-09-07T08:49:58Z,2019-09-07,08
280.0,"Monterey, CA",2019-07-30T13:28:17Z,2019-07-30,13
279.0,"Ventura, CA",2019-09-01T17:37:43Z,2019-09-01,17
263.0,"Lassen, CA",2019-07-05T16:37:04Z,2019-07-05,16
260.0,"Lassen, CA",2019-09-06T13:20:00Z,2019-09-06,13
257.0,"Tulare, CA",2019-06-02T16:12:00Z,2019-06-02,16
250.0,"Riverside, CA",2019-09-07T20:31:46Z,2019-09-07,20
244.0,"Trinity, CA",2019-09-05T09:25:00Z,2019-09-05,09
244.0,"Mariposa, CA",2019-07-08T15:30:14Z,2019-07-08,15
240.0,"Alameda, CA",2019-08-09T15:09:50Z,2019-08-09,15
227.0,"Siskiyou, CA",2019-09-07T08:47:46Z,2019-09-07,08
225.0,"Mendocino, CA",2019-08-12T17:10:00Z,2019-08-12,17
220.0,"San Luis Obispo, CA",2019-09-21T14:26:00Z,2019-09-21,14
214.0,"Riverside, CA",2019-06-29T12:54:13Z,2019-06-29,12
213.0,"Madera, CA",2019-07-15T18:19:31Z,2019-07-15,18
210.0,"Merced, CA",2019-06-29T15:09:52Z,2019-06-29,15
210.0,"Santa Clara, CA",2019-06-09T14:29:00Z,2019-06-09,14
208.0,"Kern, CA",2019-07-21T15:30:17Z,2019-07-21,15
207.0,"Siskiyou, CA",2019-06-17T17:50:00Z,2019-06-17,17
202.0,"Stanislaus, CA",2019-07-15T10:49:00Z,2019-07-15,10
200.0,"San Bernardino, CA",2019-10-31T06:53:47Z,2019-10-31,06
200.0,"Contra Costa, CA",2019-10-27T08:50:23Z,2019-10-27,08
200.0,"Ventura, CA",2019-10-11T15:57:10Z,2019-10-11,15
200.0,"San Diego, CA",2019-09-24T15:00:00Z,2019-09-24,15
200.0,"Santa Barbara, CA",2019-09-09T17:42:43Z,2019-09-09,17
193.0,"Lassen, CA",2019-07-14T14:02:31Z,2019-07-14,14
190.0,"Stanislaus, CA",2019-09-11T11:25:43Z,2019-09-11,11
190.0,"Monterey, CA",2019-07-09T21:43:36Z,2019-07-09,21
183.0,"Solano, CA",2019-07-24T12:28:45Z,2019-07-24,12
172.0,"Kern, CA",2019-05-03T15:04:00Z,2019-05-03,15
167.0,"Riverside, CA",2019-09-15T20:13:05Z,2019-09-15,20
167.0,"San Benito, CA",2019-09-02T15:40:37Z,2019-09-02,15
161.0,"Kings, CA",2019-04-28T22:20:00Z,2019-04-28,22
156.0,"Shasta, CA",2019-08-15T15:09:55Z,2019-08-15,15
156.0,"Los Angeles, CA",2019-08-03T17:01:15Z,2019-08-03,17
156.0,"San Bernardino, CA",2019-07-28T13:20:11Z,2019-07-28,13
155.0,"Tulare, CA",2019-06-01T15:49:00Z,2019-06-01,15
150.0,"Contra Costa, CA",2019-10-27T11:29:03Z,2019-10-27,11
150.0,"San Diego, CA",2019-07-28T19:51:55Z,2019-07-28,19
148.0,"Placer, CA",2019-06-26T22:43:07Z,2019-06-26,22
145.0,"San Bernardino, CA",2019-10-24T04:53:17Z,2019-10-24,04
144.0,"Santa Clara, CA",2019-05-30T16:19:00Z,2019-05-30,16
140.0,"Solano, CA",2019-10-27T11:52:15Z,2019-10-27,11
139.0,"Alameda, CA",2019-08-21T17:56:05Z,2019-08-21,17
131.0,"Lassen, CA",2019-08-24T16:33:58Z,2019-08-24,16
131.0,"Ventura, CA",2019-07-14T11:45:00Z,2019-07-14,11
130.0,"Lassen, CA",2019-08-07T17:21:13Z,2019-08-07,17
130.0,"Mendocino, CA",2019-07-27T23:36:00Z,2019-07-27,23
130.0,"Riverside, CA",2019-05-18T22:53:00Z,2019-05-18,22
128.0,"Santa Clara, CA",2019-09-21T11:49:00Z,2019-09-21,11
128.0,"Modoc, CA",2019-07-17T16:13:41Z,2019-07-17,16
121.0,"Fresno, CA",2019-05-29T17:18:00Z,2019-05-29,17
120.0,"San Diego, CA",2019-06-20T14:56:00Z,2019-06-20,14
120.0,"San Luis Obispo, CA",2019-06-10T11:55:00Z,2019-06-10,11
115.0,"Kern, CA",2019-04-30T18:37:00Z,2019-04-30,18
105.0,"Los Angeles, CA",2019-08-13T14:37:54Z,2019-08-13,14
103.0,"Modoc, CA",2019-08-02T16:53:18Z,2019-08-02,16
100.0,"Santa Barbara, CA",2019-07-28T22:39:05Z,2019-07-28,22
100.0,"San Diego, CA",2019-07-12T13:20:39Z,2019-07-12,13
98.0,"Riverside, CA",2019-09-21T17:22:00Z,2019-09-21,17
97.0,"San Diego, CA",2019-10-25T10:52:04Z,2019-10-25,10
96.0,"Riverside, CA",2019-07-13T10:36:00Z,2019-07-13,10
95.0,"San Luis Obispo, CA",2019-07-24T20:09:59Z,2019-07-24,20
94.0,"Riverside, CA",2019-08-05T15:36:23Z,2019-08-05,15
91.0,"Ventura, CA",2019-10-10T21:28:58Z,2019-10-10,21
91.0,"Siskiyou, CA",2019-09-15T15:52:00Z,2019-09-15,15
90.0,"San Joaquin, CA",2019-07-16T18:44:15Z,2019-07-16,18
90.0,"Shasta, CA",2019-06-26T15:35:00Z,2019-06-26,15
85.0,"El Dorado, CA",2019-09-03T14:57:31Z,2019-09-03,14
84.0,"Sacramento, CA",2019-08-02T09:23:00Z,2019-08-02,09
83.0,"Tuolumne, CA",2019-09-23T15:55:57Z,2019-09-23,15
83.0,"Siskiyou, CA",2019-07-27T10:15:00Z,2019-07-27,10
81.0,"Solano, CA",2019-08-13T15:41:24Z,2019-08-13,15
81.0,"San Bernardino, CA",2019-07-22T19:45:27Z,2019-07-22,19
81.0,"Riverside, CA",2019-07-16T13:45:43Z,2019-07-16,13
80.0,"Butte, CA",2019-10-24T14:43:10Z,2019-10-24,14
80.0,"Riverside, CA",2019-08-25T10:58:28Z,2019-08-25,10
80.0,"San Diego, CA",2019-08-15T16:24:24Z,2019-08-15,16
80.0,"Santa Clara, CA",2019-07-24T20:01:44Z,2019-07-24,20
80.0,"Riverside, CA",2019-07-12T17:15:31Z,2019-07-12,17
80.0,"Yuba, CA",2019-06-25T13:51:09Z,2019-06-25,13
80.0,"Yuba, CA",2019-06-24T11:57:00Z,2019-06-24,11
75.0,"Lake, CA",2019-11-05T06:52:14Z,2019-11-05,06
74.0,"Santa Clara, CA",2019-07-02T16:10:02Z,2019-07-02,16
70.0,"Yuba, CA",2019-06-08T13:07:00Z,2019-06-08,13
68.0,"Tehama, CA",2019-10-09T08:31:40Z,2019-10-09,08
67.0,"Marin, CA",2019-10-24T12:15:33Z,2019-10-24,12
67.0,"Calaveras, CA",2019-09-22T18:25:56Z,2019-09-22,18
66.0,"Monterey, CA",2019-09-01T16:35:55Z,2019-09-01,16
65.0,"Placer, CA",2019-05-10T14:14:00Z,2019-05-10,14
64.0,"Napa, CA",2019-07-22T15:05:34Z,2019-07-22,15
63.0,"Glenn, CA",2019-10-04T12:03:48Z,2019-10-04,12
63.0,"Tehama, CA",2019-05-20T10:57:00Z,2019-05-20,10
60.0,"Santa Clara, CA",2019-08-15T13:44:02Z,2019-08-15,13
58.0,"Butte, CA",2019-09-06T15:18:52Z,2019-09-06,15
58.0,"Contra Costa, CA",2019-08-07T15:13:52Z,2019-08-07,15
55.0,"Lassen, CA",2019-10-13T14:45:37Z,2019-10-13,14
55.0,"Riverside, CA",2019-05-29T21:06:00Z,2019-05-29,21
53.0,"Lake, CA",2019-09-07T14:00:00Z,2019-09-07,14
52.0,"San Luis Obispo, CA",2019-10-01T22:35:52Z,2019-10-01,22
52.0,"San Diego, CA",2019-09-25T14:17:25Z,2019-09-25,14
50.0,"San Diego, CA",2019-10-31T06:39:56Z,2019-10-31,06
50.0,"Contra Costa, CA",2019-10-27T17:36:15Z,2019-10-27,17
50.0,"Sacramento, CA",2019-08-02T14:45:00Z,2019-08-02,14
50.0,"Napa, CA",2019-06-08T14:37:00Z,2019-06-08,14
50.0,"Butte, CA",2019-05-01T16:46:00Z,2019-05-01,16
47.0,"Santa Clara, CA",2019-07-15T11:12:00Z,2019-07-15,11
47.0,"Tulare, CA",2019-06-10T17:51:00Z,2019-06-10,17
46.0,"Shasta, CA",2019-08-12T14:16:53Z,2019-08-12,14
46.0,"Tehama, CA",2019-06-22T03:12:00Z,2019-06-22,03
45.0,"Riverside, CA",2019-05-30T12:41:00Z,2019-05-30,12
44.0,"San Joaquin, CA",2019-09-05T14:33:01Z,2019-09-05,14
43.0,"Monterey, CA",2019-06-12T17:23:00Z,2019-06-12,17
42.0,"Los Angeles, CA",2019-10-21T11:52:52Z,2019-10-21,11
42.0,"Shasta, CA",2019-10-10T15:49:07Z,2019-10-10,15
38.0,"Yuba, CA",2019-07-06T20:21:25Z,2019-07-06,20
35.0,"Santa Clara, CA",2019-08-25T13:06:49Z,2019-08-25,13
35.0,"El Dorado, CA",2019-08-15T17:47:43Z,2019-08-15,17
35.0,"Siskiyou, CA",2019-07-27T10:15:00Z,2019-07-27,10
35.0,"Santa Clara, CA",2019-06-10T15:16:00Z,2019-06-10,15
34.0,"Riverside, CA",2019-09-12T20:30:41Z,2019-09-12,20
34.0,"Riverside, CA",2019-08-22T19:31:10Z,2019-08-22,19
33.0,"Yolo, CA",2019-08-10T18:47:02Z,2019-08-10,18
33.0,"Tulare, CA",2019-06-03T12:18:00Z,2019-06-03,12
30.0,"San Luis Obispo, CA",2019-10-11T12:30:19Z,2019-10-11,12
30.0,"Solano, CA",2019-09-26T15:29:06Z,2019-09-26,15
30.0,"Shasta, CA",2019-08-04T17:18:21Z,2019-08-04,17
30.0,"Shasta, CA",2019-07-05T14:46:33Z,2019-07-05,14
30.0,"Alameda, CA",2019-06-21T14:42:00Z,2019-06-21,14
30.0,"Riverside, CA",2019-04-09T22:18:00Z,2019-04-09,22
30.0,"Humboldt, CA",2019-01-01T14:14:00Z,2019-01-01,14
29.0,"Santa Clara, CA",2019-10-07T09:58:51.763Z,2019-10-07,09
29.0,"Kern, CA",2019-08-05T13:56:02Z,2019-08-05,13
28.0,"Lake, CA",2019-09-04T16:26:00Z,2019-09-04,16
28.0,"San Diego, CA",2019-06-29T11:11:55Z,2019-06-29,11
27.0,"Placer, CA",2019-06-07T12:59:00Z,2019-06-07,12
26.0,"Riverside, CA",2019-05-20T13:50:00Z,2019-05-20,13
25.0,"Lake, CA",2019-10-17T20:06:00Z,2019-10-17,20
25.0,"Fresno, CA",2019-09-30T17:39:00Z,2019-09-30,17
25.0,"San Diego, CA",2019-08-25T16:15:15Z,2019-08-25,16
25.0,"Alameda, CA",2019-07-05T09:46:01.973Z,2019-07-05,09
25.0,"Tulare, CA",2019-06-03T12:18:00Z,2019-06-03,12
24.0,"Contra Costa, CA",2019-07-05T13:33:56Z,2019-07-05,13
24.0,"Solano, CA",2019-06-07T12:59:00Z,2019-06-07,12
23.0,"Contra Costa, CA",2019-06-06T14:24:00Z,2019-06-06,14
22.0,"San Diego, CA",2019-05-13T18:46:00Z,2019-05-13,18
21.0,"Tuolumne, CA",2019-08-08T16:16:40Z,2019-08-08,16
20.0,"Colusa, CA",2019-08-14T12:52:00Z,2019-08-14,12
20.0,"Riverside, CA",2019-08-12T10:53:10Z,2019-08-12,10
20.0,"Lake, CA",2019-08-08T14:55:59Z,2019-08-08,14
20.0,"Riverside, CA",2019-07-11T16:27:17Z,2019-07-11,16
20.0,"Riverside, CA",2019-06-27T16:14:25Z,2019-06-27,16
19.0,"Riverside, CA",2019-11-01T13:04:34Z,2019-11-01,13
19.0,"Riverside, CA",2019-09-30T07:07:00Z,2019-09-30,07
19.0,"Alameda, CA",2019-08-31T12:55:15Z,2019-08-31,12
18.0,"Stanislaus, CA",2019-10-03T13:36:04Z,2019-10-03,13
17.0,"San Benito, CA",2019-09-04T20:33:59Z,2019-09-04,20
17.0,"Santa Clara, CA",2019-06-26T18:06:54Z,2019-06-26,18
17.0,"Butte, CA",2019-06-15T15:29:00Z,2019-06-15,15
17.0,"Siskiyou, CA",2019-06-14T16:14:00Z,2019-06-14,16
16.0,"Shasta, CA",2019-09-24T08:40:45Z,2019-09-24,08
16.0,"El Dorado, CA",2019-08-14T16:07:49Z,2019-08-14,16
15.0,"Siskiyou, CA",2019-09-07T18:19:16Z,2019-09-07,18
15.0,"San Bernardino, CA",2019-09-02T20:27:29Z,2019-09-02,20
15.0,"San Diego, CA",2019-06-10T14:25:00Z,2019-06-10,14
13.0,"El Dorado, CA",2019-07-30T19:27:46Z,2019-07-30,19
12.0,"Alameda, CA",2019-10-08T17:25:12Z,2019-10-08,17
12.0,"Butte, CA",2019-06-29T22:07:59Z,2019-06-29,22
11.0,"San Bernardino, CA",2019-10-21T08:16:33Z,2019-10-21,08
11.0,"Tehama, CA",2019-10-07T11:03:29.963Z,2019-10-07,11
11.0,"Stanislaus, CA",2019-09-13T20:00:29Z,2019-09-13,20
11.0,"Alameda, CA",2019-09-02T14:36:35Z,2019-09-02,14
10.0,"San Diego, CA",2019-10-15T17:41:57Z,2019-10-15,17
10.0,"Tehama, CA",2019-10-09T09:52:52.477Z,2019-10-09,09
10.0,"Amador, CA",2019-09-25T13:13:41Z,2019-09-25,13
10.0,"Riverside, CA",2019-09-10T10:43:58Z,2019-09-10,10
10.0,"Butte, CA",2019-07-23T14:41:00Z,2019-07-23,14
10.0,"Siskiyou, CA",2019-06-16T20:33:00Z,2019-06-16,20
10.0,"Butte, CA",2019-04-30T12:20:00Z,2019-04-30,12
9.0,"Riverside, CA",2019-10-10T12:08:00Z,2019-10-10,12
